source_scope	profile	dataset	method	operation	min_length	seconds_median	seconds_min	seconds_max	query_bases	query_bases_per_second	matches_per_second	total_matches	reported_matches	count_checksum	result_checksum	repetitions	status
full/right-maximal	full	synthetic-right-maximal-full-mixed	fm-balanced	max_matches=0	100	NA	NA	NA	NA	NA	NA	NA	NA	NA	NA	NA	not_supported
full/right-maximal	full	synthetic-right-maximal-full-mixed	fm-balanced	max_matches=0	50	NA	NA	NA	NA	NA	NA	NA	NA	NA	NA	NA	not_supported
full/right-maximal	full	synthetic-right-maximal-full-mixed	fm-balanced	max_matches=1000	100	NA	NA	NA	NA	NA	NA	NA	NA	NA	NA	NA	not_supported
full/right-maximal	full	synthetic-right-maximal-full-mixed	fm-balanced	max_matches=1000	50	NA	NA	NA	NA	NA	NA	NA	NA	NA	NA	NA	not_supported
full/right-maximal	full	synthetic-right-maximal-full-mixed	fm-balanced	streaming	100	NA	NA	NA	NA	NA	NA	NA	NA	NA	NA	NA	not_supported
full/right-maximal	full	synthetic-right-maximal-full-mixed	fm-balanced	streaming	50	NA	NA	NA	NA	NA	NA	NA	NA	NA	NA	NA	not_supported
full/right-maximal	full	synthetic-right-maximal-full-mixed	fm-balanced	vector	100	NA	NA	NA	NA	NA	NA	NA	NA	NA	NA	NA	not_supported
full/right-maximal	full	synthetic-right-maximal-full-mixed	fm-balanced	vector	50	NA	NA	NA	NA	NA	NA	NA	NA	NA	NA	NA	not_supported
full/right-maximal	full	synthetic-right-maximal-full-mixed	fm-epr	max_matches=0	100	NA	NA	NA	NA	NA	NA	NA	NA	NA	NA	NA	not_supported
full/right-maximal	full	synthetic-right-maximal-full-mixed	fm-epr	max_matches=0	50	NA	NA	NA	NA	NA	NA	NA	NA	NA	NA	NA	not_supported
full/right-maximal	full	synthetic-right-maximal-full-mixed	fm-epr	max_matches=1000	100	NA	NA	NA	NA	NA	NA	NA	NA	NA	NA	NA	not_supported
full/right-maximal	full	synthetic-right-maximal-full-mixed	fm-epr	max_matches=1000	50	NA	NA	NA	NA	NA	NA	NA	NA	NA	NA	NA	not_supported
full/right-maximal	full	synthetic-right-maximal-full-mixed	fm-epr	streaming	100	NA	NA	NA	NA	NA	NA	NA	NA	NA	NA	NA	not_supported
full/right-maximal	full	synthetic-right-maximal-full-mixed	fm-epr	streaming	50	NA	NA	NA	NA	NA	NA	NA	NA	NA	NA	NA	not_supported
full/right-maximal	full	synthetic-right-maximal-full-mixed	fm-epr	vector	100	NA	NA	NA	NA	NA	NA	NA	NA	NA	NA	NA	not_supported
full/right-maximal	full	synthetic-right-maximal-full-mixed	fm-epr	vector	50	NA	NA	NA	NA	NA	NA	NA	NA	NA	NA	NA	not_supported
full/right-maximal	full	synthetic-right-maximal-full-mixed	fm-huff	max_matches=0	100	NA	NA	NA	NA	NA	NA	NA	NA	NA	NA	NA	not_supported
full/right-maximal	full	synthetic-right-maximal-full-mixed	fm-huff	max_matches=0	50	NA	NA	NA	NA	NA	NA	NA	NA	NA	NA	NA	not_supported
full/right-maximal	full	synthetic-right-maximal-full-mixed	fm-huff	max_matches=1000	100	NA	NA	NA	NA	NA	NA	NA	NA	NA	NA	NA	not_supported
full/right-maximal	full	synthetic-right-maximal-full-mixed	fm-huff	max_matches=1000	50	NA	NA	NA	NA	NA	NA	NA	NA	NA	NA	NA	not_supported
full/right-maximal	full	synthetic-right-maximal-full-mixed	fm-huff	streaming	100	NA	NA	NA	NA	NA	NA	NA	NA	NA	NA	NA	not_supported
full/right-maximal	full	synthetic-right-maximal-full-mixed	fm-huff	streaming	50	NA	NA	NA	NA	NA	NA	NA	NA	NA	NA	NA	not_supported
full/right-maximal	full	synthetic-right-maximal-full-mixed	fm-huff	vector	100	NA	NA	NA	NA	NA	NA	NA	NA	NA	NA	NA	not_supported
full/right-maximal	full	synthetic-right-maximal-full-mixed	fm-huff	vector	50	NA	NA	NA	NA	NA	NA	NA	NA	NA	NA	NA	not_supported
full/right-maximal	full	synthetic-right-maximal-full-mixed	right-maximal-baseline	max_matches=0	100	13.856282	13.483049	16.494937	2560000	184753.74563	1320.339756	18295	0	4c84592ddfeb3196	0	3	ok
full/right-maximal	full	synthetic-right-maximal-full-mixed	right-maximal-baseline	max_matches=0	50	10.376827	10.225139	11.185622	2560000	246703.544349	1763.063025	18295	0	4c84592ddfeb3196	0	3	ok
full/right-maximal	full	synthetic-right-maximal-full-mixed	right-maximal-baseline	max_matches=1000	100	8.135313	7.814699	8.906057	2560000	314677.50534	2248.837875	18295	18295	4c84592ddfeb3196	30d7071b5ffeed99	3	ok
full/right-maximal	full	synthetic-right-maximal-full-mixed	right-maximal-baseline	max_matches=1000	50	10.669105	10.641255	10.788289	2560000	239945.150038	1714.764266	18295	18295	4c84592ddfeb3196	30d7071b5ffeed99	3	ok
full/right-maximal	full	synthetic-right-maximal-full-mixed	right-maximal-baseline	streaming	100	8.104087	7.94034	8.283837	2560000	315889.994764	2257.502912	18295	18295	4c84592ddfeb3196	30d7071b5ffeed99	3	ok
full/right-maximal	full	synthetic-right-maximal-full-mixed	right-maximal-baseline	streaming	50	13.523154	10.057882	16.980004	2560000	189304.950605	1352.864872	18295	18295	4c84592ddfeb3196	30d7071b5ffeed99	3	ok
full/right-maximal	full	synthetic-right-maximal-full-mixed	right-maximal-baseline	vector	100	16.8762	12.789344	16.977467	2560000	151692.916652	1084.071059	18295	18295	4c84592ddfeb3196	30d7071b5ffeed99	3	ok
full/right-maximal	full	synthetic-right-maximal-full-mixed	right-maximal-baseline	vector	50	12.85919	10.574408	15.585111	2560000	199079.413245	1422.717916	18295	18295	4c84592ddfeb3196	30d7071b5ffeed99	3	ok
full/right-maximal	full	synthetic-right-maximal-full-mixed	right-maximal-suffix-link	max_matches=0	100	4.208742	3.838084	4.65765	2560000	608257.764434	4346.90461	18295	0	4c84592ddfeb3196	0	3	ok
full/right-maximal	full	synthetic-right-maximal-full-mixed	right-maximal-suffix-link	max_matches=0	50	2.746017	2.36959	6.999476	2560000	932259.341439	6662.376817	18295	0	4c84592ddfeb3196	0	3	ok
full/right-maximal	full	synthetic-right-maximal-full-mixed	right-maximal-suffix-link	max_matches=1000	100	3.763436	3.565357	6.478137	2560000	680229.449896	4861.249135	18295	18295	4c84592ddfeb3196	30d7071b5ffeed99	3	ok
full/right-maximal	full	synthetic-right-maximal-full-mixed	right-maximal-suffix-link	max_matches=1000	50	2.781092	2.263658	3.597505	2560000	920501.730975	6578.351238	18295	18295	4c84592ddfeb3196	30d7071b5ffeed99	3	ok
full/right-maximal	full	synthetic-right-maximal-full-mixed	right-maximal-suffix-link	streaming	100	4.698295	3.818029	8.755337	2560000	544878.51444	3893.96579	18295	18295	4c84592ddfeb3196	30d7071b5ffeed99	3	ok
full/right-maximal	full	synthetic-right-maximal-full-mixed	right-maximal-suffix-link	streaming	50	2.279003	2.242988	7.556626	2560000	1123298.214175	8027.633136	18295	18295	4c84592ddfeb3196	30d7071b5ffeed99	3	ok
full/right-maximal	full	synthetic-right-maximal-full-mixed	right-maximal-suffix-link	vector	100	5.836161	3.558962	6.009309	2560000	438644.513063	3134.766159	18295	18295	4c84592ddfeb3196	30d7071b5ffeed99	3	ok
full/right-maximal	full	synthetic-right-maximal-full-mixed	right-maximal-suffix-link	vector	50	4.24678	2.443216	6.064491	2560000	602809.658141	4307.969803	18295	18295	4c84592ddfeb3196	30d7071b5ffeed99	3	ok
quick/right-maximal	quick	synthetic-right-maximal-quick-balanced	fm-balanced	max_matches=0	100	NA	NA	NA	NA	NA	NA	NA	NA	NA	NA	NA	not_supported
quick/right-maximal	quick	synthetic-right-maximal-quick-balanced	fm-balanced	max_matches=0	20	NA	NA	NA	NA	NA	NA	NA	NA	NA	NA	NA	not_supported
quick/right-maximal	quick	synthetic-right-maximal-quick-balanced	fm-balanced	max_matches=0	50	NA	NA	NA	NA	NA	NA	NA	NA	NA	NA	NA	not_supported
quick/right-maximal	quick	synthetic-right-maximal-quick-balanced	fm-balanced	max_matches=1000	100	NA	NA	NA	NA	NA	NA	NA	NA	NA	NA	NA	not_supported
quick/right-maximal	quick	synthetic-right-maximal-quick-balanced	fm-balanced	max_matches=1000	20	NA	NA	NA	NA	NA	NA	NA	NA	NA	NA	NA	not_supported
quick/right-maximal	quick	synthetic-right-maximal-quick-balanced	fm-balanced	max_matches=1000	50	NA	NA	NA	NA	NA	NA	NA	NA	NA	NA	NA	not_supported
quick/right-maximal	quick	synthetic-right-maximal-quick-balanced	fm-balanced	streaming	100	NA	NA	NA	NA	NA	NA	NA	NA	NA	NA	NA	not_supported
quick/right-maximal	quick	synthetic-right-maximal-quick-balanced	fm-balanced	streaming	20	NA	NA	NA	NA	NA	NA	NA	NA	NA	NA	NA	not_supported
quick/right-maximal	quick	synthetic-right-maximal-quick-balanced	fm-balanced	streaming	50	NA	NA	NA	NA	NA	NA	NA	NA	NA	NA	NA	not_supported
quick/right-maximal	quick	synthetic-right-maximal-quick-balanced	fm-balanced	vector	100	NA	NA	NA	NA	NA	NA	NA	NA	NA	NA	NA	not_supported
quick/right-maximal	quick	synthetic-right-maximal-quick-balanced	fm-balanced	vector	20	NA	NA	NA	NA	NA	NA	NA	NA	NA	NA	NA	not_supported
quick/right-maximal	quick	synthetic-right-maximal-quick-balanced	fm-balanced	vector	50	NA	NA	NA	NA	NA	NA	NA	NA	NA	NA	NA	not_supported
quick/right-maximal	quick	synthetic-right-maximal-quick-balanced	fm-epr	max_matches=0	100	NA	NA	NA	NA	NA	NA	NA	NA	NA	NA	NA	not_supported
quick/right-maximal	quick	synthetic-right-maximal-quick-balanced	fm-epr	max_matches=0	20	NA	NA	NA	NA	NA	NA	NA	NA	NA	NA	NA	not_supported
quick/right-maximal	quick	synthetic-right-maximal-quick-balanced	fm-epr	max_matches=0	50	NA	NA	NA	NA	NA	NA	NA	NA	NA	NA	NA	not_supported
quick/right-maximal	quick	synthetic-right-maximal-quick-balanced	fm-epr	max_matches=1000	100	NA	NA	NA	NA	NA	NA	NA	NA	NA	NA	NA	not_supported
quick/right-maximal	quick	synthetic-right-maximal-quick-balanced	fm-epr	max_matches=1000	20	NA	NA	NA	NA	NA	NA	NA	NA	NA	NA	NA	not_supported
quick/right-maximal	quick	synthetic-right-maximal-quick-balanced	fm-epr	max_matches=1000	50	NA	NA	NA	NA	NA	NA	NA	NA	NA	NA	NA	not_supported
quick/right-maximal	quick	synthetic-right-maximal-quick-balanced	fm-epr	streaming	100	NA	NA	NA	NA	NA	NA	NA	NA	NA	NA	NA	not_supported
quick/right-maximal	quick	synthetic-right-maximal-quick-balanced	fm-epr	streaming	20	NA	NA	NA	NA	NA	NA	NA	NA	NA	NA	NA	not_supported
quick/right-maximal	quick	synthetic-right-maximal-quick-balanced	fm-epr	streaming	50	NA	NA	NA	NA	NA	NA	NA	NA	NA	NA	NA	not_supported
quick/right-maximal	quick	synthetic-right-maximal-quick-balanced	fm-epr	vector	100	NA	NA	NA	NA	NA	NA	NA	NA	NA	NA	NA	not_supported
quick/right-maximal	quick	synthetic-right-maximal-quick-balanced	fm-epr	vector	20	NA	NA	NA	NA	NA	NA	NA	NA	NA	NA	NA	not_supported
quick/right-maximal	quick	synthetic-right-maximal-quick-balanced	fm-epr	vector	50	NA	NA	NA	NA	NA	NA	NA	NA	NA	NA	NA	not_supported
quick/right-maximal	quick	synthetic-right-maximal-quick-balanced	fm-huff	max_matches=0	100	NA	NA	NA	NA	NA	NA	NA	NA	NA	NA	NA	not_supported
quick/right-maximal	quick	synthetic-right-maximal-quick-balanced	fm-huff	max_matches=0	20	NA	NA	NA	NA	NA	NA	NA	NA	NA	NA	NA	not_supported
quick/right-maximal	quick	synthetic-right-maximal-quick-balanced	fm-huff	max_matches=0	50	NA	NA	NA	NA	NA	NA	NA	NA	NA	NA	NA	not_supported
quick/right-maximal	quick	synthetic-right-maximal-quick-balanced	fm-huff	max_matches=1000	100	NA	NA	NA	NA	NA	NA	NA	NA	NA	NA	NA	not_supported
quick/right-maximal	quick	synthetic-right-maximal-quick-balanced	fm-huff	max_matches=1000	20	NA	NA	NA	NA	NA	NA	NA	NA	NA	NA	NA	not_supported
quick/right-maximal	quick	synthetic-right-maximal-quick-balanced	fm-huff	max_matches=1000	50	NA	NA	NA	NA	NA	NA	NA	NA	NA	NA	NA	not_supported
quick/right-maximal	quick	synthetic-right-maximal-quick-balanced	fm-huff	streaming	100	NA	NA	NA	NA	NA	NA	NA	NA	NA	NA	NA	not_supported
quick/right-maximal	quick	synthetic-right-maximal-quick-balanced	fm-huff	streaming	20	NA	NA	NA	NA	NA	NA	NA	NA	NA	NA	NA	not_supported
quick/right-maximal	quick	synthetic-right-maximal-quick-balanced	fm-huff	streaming	50	NA	NA	NA	NA	NA	NA	NA	NA	NA	NA	NA	not_supported
quick/right-maximal	quick	synthetic-right-maximal-quick-balanced	fm-huff	vector	100	NA	NA	NA	NA	NA	NA	NA	NA	NA	NA	NA	not_supported
quick/right-maximal	quick	synthetic-right-maximal-quick-balanced	fm-huff	vector	20	NA	NA	NA	NA	NA	NA	NA	NA	NA	NA	NA	not_supported
quick/right-maximal	quick	synthetic-right-maximal-quick-balanced	fm-huff	vector	50	NA	NA	NA	NA	NA	NA	NA	NA	NA	NA	NA	not_supported
quick/right-maximal	quick	synthetic-right-maximal-quick-balanced	right-maximal-baseline	max_matches=0	100	0.390328	0.339764	0.408937	256000	655858.662458	4268.205202	1666	0	d39ab12391bab1f7	0	5	ok
quick/right-maximal	quick	synthetic-right-maximal-quick-balanced	right-maximal-baseline	max_matches=0	20	0.5277	0.496599	0.537311	256000	485124.123555	3158.991851	1667	0	7bad0ec8641fa9fe	0	5	ok
quick/right-maximal	quick	synthetic-right-maximal-quick-balanced	right-maximal-baseline	max_matches=0	50	0.400211	0.39663	0.412849	256000	639662.57799	4162.804121	1666	0	d39ab12391bab1f7	0	5	ok
quick/right-maximal	quick	synthetic-right-maximal-quick-balanced	right-maximal-baseline	max_matches=1000	100	0.366393	0.349772	0.405358	256000	698703.304921	4547.030102	1666	1666	d39ab12391bab1f7	dcb4b7261af3f9fe	5	ok
quick/right-maximal	quick	synthetic-right-maximal-quick-balanced	right-maximal-baseline	max_matches=1000	20	0.442895	0.420553	0.524201	256000	578015.10516	3763.871798	1667	1667	7bad0ec8641fa9fe	b3f21983e1771a8e	5	ok
quick/right-maximal	quick	synthetic-right-maximal-quick-balanced	right-maximal-baseline	max_matches=1000	50	0.413352	0.399004	0.931648	256000	619326.869109	4030.46314	1666	1666	d39ab12391bab1f7	dcb4b7261af3f9fe	5	ok
quick/right-maximal	quick	synthetic-right-maximal-quick-balanced	right-maximal-baseline	streaming	100	0.424141	0.410457	0.618997	256000	603572.868456	3927.939058	1666	1666	d39ab12391bab1f7	dcb4b7261af3f9fe	5	ok
quick/right-maximal	quick	synthetic-right-maximal-quick-balanced	right-maximal-baseline	streaming	20	0.769155	0.429611	0.873799	256000	332832.784029	2167.31348	1667	1667	7bad0ec8641fa9fe	b3f21983e1771a8e	5	ok
quick/right-maximal	quick	synthetic-right-maximal-quick-balanced	right-maximal-baseline	streaming	50	1.504275	0.492693	1.618655	256000	170181.648967	1107.510262	1666	1666	d39ab12391bab1f7	dcb4b7261af3f9fe	5	ok
quick/right-maximal	quick	synthetic-right-maximal-quick-balanced	right-maximal-baseline	vector	100	0.492553	0.407973	0.586103	256000	519741.022793	3382.377125	1666	1666	d39ab12391bab1f7	dcb4b7261af3f9fe	5	ok
quick/right-maximal	quick	synthetic-right-maximal-quick-balanced	right-maximal-baseline	vector	20	0.429157	0.42863	0.434229	256000	596518.290509	3884.359337	1667	1667	7bad0ec8641fa9fe	b3f21983e1771a8e	5	ok
quick/right-maximal	quick	synthetic-right-maximal-quick-balanced	right-maximal-baseline	vector	50	1.020222	0.603095	1.174513	256000	250925.778899	1632.97792	1666	1666	d39ab12391bab1f7	dcb4b7261af3f9fe	5	ok
quick/right-maximal	quick	synthetic-right-maximal-quick-balanced	right-maximal-child	max_matches=0	100	2.472069	0.666883	3.141759	256000	103556.980003	673.929409	1666	0	d39ab12391bab1f7	0	5	ok
quick/right-maximal	quick	synthetic-right-maximal-quick-balanced	right-maximal-child	max_matches=0	20	1.724227	0.979276	5.929511	256000	148472.329919	966.810055	1667	0	7bad0ec8641fa9fe	0	5	ok
quick/right-maximal	quick	synthetic-right-maximal-quick-balanced	right-maximal-child	max_matches=0	50	0.993769	0.856021	3.759446	256000	257605.137612	1676.445935	1666	0	d39ab12391bab1f7	0	5	ok
quick/right-maximal	quick	synthetic-right-maximal-quick-balanced	right-maximal-child	max_matches=1000	100	0.648293	0.636271	1.20933	256000	394883.177822	2569.825681	1666	1666	d39ab12391bab1f7	dcb4b7261af3f9fe	5	ok
quick/right-maximal	quick	synthetic-right-maximal-quick-balanced	right-maximal-child	max_matches=1000	20	1.903274	0.956288	2.385668	256000	134505.068634	875.859177	1667	1667	7bad0ec8641fa9fe	b3f21983e1771a8e	5	ok
quick/right-maximal	quick	synthetic-right-maximal-quick-balanced	right-maximal-child	max_matches=1000	50	1.612792	0.821302	1.783028	256000	158730.946086	1032.991235	1666	1666	d39ab12391bab1f7	dcb4b7261af3f9fe	5	ok
quick/right-maximal	quick	synthetic-right-maximal-quick-balanced	right-maximal-child	streaming	100	0.666284	0.652893	1.244152	256000	384220.542591	2500.43525	1666	1666	d39ab12391bab1f7	dcb4b7261af3f9fe	5	ok
quick/right-maximal	quick	synthetic-right-maximal-quick-balanced	right-maximal-child	streaming	20	1.86941	0.910199	2.608224	256000	136941.601896	891.725197	1667	1667	7bad0ec8641fa9fe	b3f21983e1771a8e	5	ok
quick/right-maximal	quick	synthetic-right-maximal-quick-balanced	right-maximal-child	streaming	50	0.916945	0.858108	1.558772	256000	279187.955657	1816.902868	1666	1666	d39ab12391bab1f7	dcb4b7261af3f9fe	5	ok
quick/right-maximal	quick	synthetic-right-maximal-quick-balanced	right-maximal-child	vector	100	0.766221	0.674646	0.992043	256000	334107.261482	2174.307413	1666	1666	d39ab12391bab1f7	dcb4b7261af3f9fe	5	ok
quick/right-maximal	quick	synthetic-right-maximal-quick-balanced	right-maximal-child	vector	20	0.998106	0.962731	1.45908	256000	256485.784075	1670.163289	1667	1667	7bad0ec8641fa9fe	b3f21983e1771a8e	5	ok
quick/right-maximal	quick	synthetic-right-maximal-quick-balanced	right-maximal-child	vector	50	1.257959	0.884746	3.87416	256000	203504.247754	1324.367487	1666	1666	d39ab12391bab1f7	dcb4b7261af3f9fe	5	ok
quick/right-maximal	quick	synthetic-right-maximal-quick-balanced	right-maximal-full	max_matches=0	100	0.304053	0.298721	0.305225	256000	841958.474345	5479.307884	1666	0	d39ab12391bab1f7	0	5	ok
quick/right-maximal	quick	synthetic-right-maximal-quick-balanced	right-maximal-full	max_matches=0	20	0.203151	0.15469	0.249449	256000	1260146.393569	8205.718899	1667	0	7bad0ec8641fa9fe	0	5	ok
quick/right-maximal	quick	synthetic-right-maximal-quick-balanced	right-maximal-full	max_matches=0	50	0.196639	0.185238	0.300203	256000	1301878.060812	8472.378318	1666	0	d39ab12391bab1f7	0	5	ok
quick/right-maximal	quick	synthetic-right-maximal-quick-balanced	right-maximal-full	max_matches=1000	100	0.301462	0.28585	0.374353	256000	849194.923407	5526.401337	1666	1666	d39ab12391bab1f7	dcb4b7261af3f9fe	5	ok
quick/right-maximal	quick	synthetic-right-maximal-quick-balanced	right-maximal-full	max_matches=1000	20	0.124825	0.123215	0.130636	256000	2050871.219708	13354.696575	1667	1667	7bad0ec8641fa9fe	b3f21983e1771a8e	5	ok
quick/right-maximal	quick	synthetic-right-maximal-quick-balanced	right-maximal-full	max_matches=1000	50	0.194844	0.188916	0.198387	256000	1313871.610109	8550.430088	1666	1666	d39ab12391bab1f7	dcb4b7261af3f9fe	5	ok
quick/right-maximal	quick	synthetic-right-maximal-quick-balanced	right-maximal-full	streaming	100	0.30621	0.282661	0.353169	256000	836027.562784	5440.710623	1666	1666	d39ab12391bab1f7	dcb4b7261af3f9fe	5	ok
quick/right-maximal	quick	synthetic-right-maximal-quick-balanced	right-maximal-full	streaming	20	0.250234	0.237719	0.266722	256000	1023042.432283	6661.764588	1667	1667	7bad0ec8641fa9fe	b3f21983e1771a8e	5	ok
quick/right-maximal	quick	synthetic-right-maximal-quick-balanced	right-maximal-full	streaming	50	0.189534	0.177192	0.19154	256000	1350681.14428	8789.979634	1666	1666	d39ab12391bab1f7	dcb4b7261af3f9fe	5	ok
quick/right-maximal	quick	synthetic-right-maximal-quick-balanced	right-maximal-full	vector	100	0.298615	0.297241	0.305513	256000	857291.160859	5579.090133	1666	1666	d39ab12391bab1f7	dcb4b7261af3f9fe	5	ok
quick/right-maximal	quick	synthetic-right-maximal-quick-balanced	right-maximal-full	vector	20	0.254249	0.245802	0.26811	256000	1006886.949408	6556.564628	1667	1667	7bad0ec8641fa9fe	b3f21983e1771a8e	5	ok
quick/right-maximal	quick	synthetic-right-maximal-quick-balanced	right-maximal-full	vector	50	0.273567	0.17312	0.320653	256000	935785.383471	6089.915816	1666	1666	d39ab12391bab1f7	dcb4b7261af3f9fe	5	ok
quick/right-maximal	quick	synthetic-right-maximal-quick-balanced	right-maximal-lcp	max_matches=0	100	0.624135	0.270473	1.694344	256000	410167.672058	2669.294303	1666	0	d39ab12391bab1f7	0	5	ok
quick/right-maximal	quick	synthetic-right-maximal-quick-balanced	right-maximal-lcp	max_matches=0	20	0.532844	0.505259	0.664454	256000	480440.804438	3128.495395	1667	0	7bad0ec8641fa9fe	0	5	ok
quick/right-maximal	quick	synthetic-right-maximal-quick-balanced	right-maximal-lcp	max_matches=0	50	0.489567	0.315568	0.622274	256000	522911.062224	3403.007147	1666	0	d39ab12391bab1f7	0	5	ok
quick/right-maximal	quick	synthetic-right-maximal-quick-balanced	right-maximal-lcp	max_matches=1000	100	0.886967	0.330228	1.612176	256000	288624.041255	1878.311143	1666	1666	d39ab12391bab1f7	dcb4b7261af3f9fe	5	ok
quick/right-maximal	quick	synthetic-right-maximal-quick-balanced	right-maximal-lcp	max_matches=1000	20	0.429499	0.397549	0.494956	256000	596043.296958	3881.266313	1667	1667	7bad0ec8641fa9fe	b3f21983e1771a8e	5	ok
quick/right-maximal	quick	synthetic-right-maximal-quick-balanced	right-maximal-lcp	max_matches=1000	50	0.336706	0.326513	0.515625	256000	760307.211633	4947.936776	1666	1666	d39ab12391bab1f7	dcb4b7261af3f9fe	5	ok
quick/right-maximal	quick	synthetic-right-maximal-quick-balanced	right-maximal-lcp	streaming	100	0.403121	0.34608	0.414492	256000	635045.060912	4132.754185	1666	1666	d39ab12391bab1f7	dcb4b7261af3f9fe	5	ok
quick/right-maximal	quick	synthetic-right-maximal-quick-balanced	right-maximal-lcp	streaming	20	0.495838	0.480806	1.42975	256000	516297.661736	3361.985165	1667	1667	7bad0ec8641fa9fe	b3f21983e1771a8e	5	ok
quick/right-maximal	quick	synthetic-right-maximal-quick-balanced	right-maximal-lcp	streaming	50	0.599269	0.399824	1.056524	256000	427187.122978	2780.053699	1666	1666	d39ab12391bab1f7	dcb4b7261af3f9fe	5	ok
quick/right-maximal	quick	synthetic-right-maximal-quick-balanced	right-maximal-lcp	vector	100	0.264965	0.251304	0.276859	256000	966165.342592	6287.622894	1666	1666	d39ab12391bab1f7	dcb4b7261af3f9fe	5	ok
quick/right-maximal	quick	synthetic-right-maximal-quick-balanced	right-maximal-lcp	vector	20	0.706471	0.630717	1.347603	256000	362364.484883	2359.615611	1667	1667	7bad0ec8641fa9fe	b3f21983e1771a8e	5	ok
quick/right-maximal	quick	synthetic-right-maximal-quick-balanced	right-maximal-lcp	vector	50	0.556135	0.492062	0.670138	256000	460319.886359	2995.67551	1666	1666	d39ab12391bab1f7	dcb4b7261af3f9fe	5	ok
quick/right-maximal	quick	synthetic-right-maximal-quick-balanced	right-maximal-sampled-k4	max_matches=0	100	0.128976	0.128893	0.249601	256000	1984865.401315	12917.131869	1666	0	d39ab12391bab1f7	0	5	ok
quick/right-maximal	quick	synthetic-right-maximal-quick-balanced	right-maximal-sampled-k4	max_matches=0	20	0.257398	0.212466	0.396272	256000	994568.722368	6476.351798	1667	0	7bad0ec8641fa9fe	0	5	ok
quick/right-maximal	quick	synthetic-right-maximal-quick-balanced	right-maximal-sampled-k4	max_matches=0	50	0.156631	0.156449	0.156876	256000	1634414.643334	10636.464046	1666	0	d39ab12391bab1f7	0	5	ok
quick/right-maximal	quick	synthetic-right-maximal-quick-balanced	right-maximal-sampled-k4	max_matches=1000	100	0.13881	0.137217	0.289636	256000	1844247.532599	12002.017146	1666	1666	d39ab12391bab1f7	dcb4b7261af3f9fe	5	ok
quick/right-maximal	quick	synthetic-right-maximal-quick-balanced	right-maximal-sampled-k4	max_matches=1000	20	0.221201	0.194027	0.318169	256000	1157318.456969	7536.132296	1667	1667	7bad0ec8641fa9fe	b3f21983e1771a8e	5	ok
quick/right-maximal	quick	synthetic-right-maximal-quick-balanced	right-maximal-sampled-k4	max_matches=1000	50	0.156238	0.155194	0.157429	256000	1638525.838784	10663.218935	1666	1666	d39ab12391bab1f7	dcb4b7261af3f9fe	5	ok
quick/right-maximal	quick	synthetic-right-maximal-quick-balanced	right-maximal-sampled-k4	streaming	100	0.128383	0.128159	0.12855	256000	1994033.477953	12976.795993	1666	1666	d39ab12391bab1f7	dcb4b7261af3f9fe	5	ok
quick/right-maximal	quick	synthetic-right-maximal-quick-balanced	right-maximal-sampled-k4	streaming	20	0.274954	0.220115	0.370606	256000	931064.832663	6062.832328	1667	1667	7bad0ec8641fa9fe	b3f21983e1771a8e	5	ok
quick/right-maximal	quick	synthetic-right-maximal-quick-balanced	right-maximal-sampled-k4	streaming	50	0.166239	0.157483	0.173475	256000	1539951.515589	10021.715723	1666	1666	d39ab12391bab1f7	dcb4b7261af3f9fe	5	ok
quick/right-maximal	quick	synthetic-right-maximal-quick-balanced	right-maximal-sampled-k4	vector	100	0.128576	0.128528	0.129408	256000	1991040.318566	12957.317073	1666	1666	d39ab12391bab1f7	dcb4b7261af3f9fe	5	ok
quick/right-maximal	quick	synthetic-right-maximal-quick-balanced	right-maximal-sampled-k4	vector	20	0.225435	0.221971	0.341446	256000	1135582.318628	7394.592676	1667	1667	7bad0ec8641fa9fe	b3f21983e1771a8e	5	ok
quick/right-maximal	quick	synthetic-right-maximal-quick-balanced	right-maximal-sampled-k4	vector	50	0.157633	0.156936	0.160212	256000	1624025.426148	10568.852969	1666	1666	d39ab12391bab1f7	dcb4b7261af3f9fe	5	ok
quick/right-maximal	quick	synthetic-right-maximal-quick-balanced	right-maximal-sampled-k8	max_matches=0	100	0.126017	0.125568	0.126263	256000	2031471.944261	13220.438512	1666	0	d39ab12391bab1f7	0	5	ok
quick/right-maximal	quick	synthetic-right-maximal-quick-balanced	right-maximal-sampled-k8	max_matches=0	20	0.202496	0.199813	0.252426	256000	1264222.503161	8232.261378	1667	0	7bad0ec8641fa9fe	0	5	ok
quick/right-maximal	quick	synthetic-right-maximal-quick-balanced	right-maximal-sampled-k8	max_matches=0	50	0.158129	0.157829	0.158512	256000	1618931.378811	10535.701864	1666	0	d39ab12391bab1f7	0	5	ok
quick/right-maximal	quick	synthetic-right-maximal-quick-balanced	right-maximal-sampled-k8	max_matches=1000	100	0.126616	0.125931	0.126638	256000	2021861.376129	13157.894737	1666	1666	d39ab12391bab1f7	dcb4b7261af3f9fe	5	ok
quick/right-maximal	quick	synthetic-right-maximal-quick-balanced	right-maximal-sampled-k8	max_matches=1000	20	0.203546	0.201887	0.230492	256000	1257700.961945	8189.794936	1667	1667	7bad0ec8641fa9fe	b3f21983e1771a8e	5	ok
quick/right-maximal	quick	synthetic-right-maximal-quick-balanced	right-maximal-sampled-k8	max_matches=1000	50	0.158177	0.157234	0.158846	256000	1618440.101911	10532.504726	1666	1666	d39ab12391bab1f7	dcb4b7261af3f9fe	5	ok
quick/right-maximal	quick	synthetic-right-maximal-quick-balanced	right-maximal-sampled-k8	streaming	100	0.125904	0.125146	0.125964	256000	2033295.209048	13232.303978	1666	1666	d39ab12391bab1f7	dcb4b7261af3f9fe	5	ok
quick/right-maximal	quick	synthetic-right-maximal-quick-balanced	right-maximal-sampled-k8	streaming	20	0.2027	0.202072	0.213386	256000	1262950.172669	8223.97632	1667	1667	7bad0ec8641fa9fe	b3f21983e1771a8e	5	ok
quick/right-maximal	quick	synthetic-right-maximal-quick-balanced	right-maximal-sampled-k8	streaming	50	0.158447	0.158133	0.161251	256000	1615682.215504	10514.556918	1666	1666	d39ab12391bab1f7	dcb4b7261af3f9fe	5	ok
quick/right-maximal	quick	synthetic-right-maximal-quick-balanced	right-maximal-sampled-k8	vector	100	0.126169	0.126013	0.126321	256000	2029024.562293	13204.511409	1666	1666	d39ab12391bab1f7	dcb4b7261af3f9fe	5	ok
quick/right-maximal	quick	synthetic-right-maximal-quick-balanced	right-maximal-sampled-k8	vector	20	0.202545	0.200375	0.300103	256000	1263916.660495	8230.269817	1667	1667	7bad0ec8641fa9fe	b3f21983e1771a8e	5	ok
quick/right-maximal	quick	synthetic-right-maximal-quick-balanced	right-maximal-sampled-k8	vector	50	0.158728	0.158225	0.19539	256000	1612821.934378	10495.942745	1666	1666	d39ab12391bab1f7	dcb4b7261af3f9fe	5	ok
quick/right-maximal	quick	synthetic-right-maximal-quick-balanced	right-maximal-suffix-link	max_matches=0	100	0.122011	0.11768	0.122298	256000	2098171.476342	13654.506561	1666	0	d39ab12391bab1f7	0	5	ok
quick/right-maximal	quick	synthetic-right-maximal-quick-balanced	right-maximal-suffix-link	max_matches=0	20	0.071009	0.070884	0.071346	256000	3605176.808574	23475.897421	1667	0	7bad0ec8641fa9fe	0	5	ok
quick/right-maximal	quick	synthetic-right-maximal-quick-balanced	right-maximal-suffix-link	max_matches=0	50	0.09102	0.090836	0.091895	256000	2812568.666227	18303.669523	1666	0	d39ab12391bab1f7	0	5	ok
quick/right-maximal	quick	synthetic-right-maximal-quick-balanced	right-maximal-suffix-link	max_matches=1000	100	0.121896	0.118641	0.122089	256000	2100150.948349	13667.388594	1666	1666	d39ab12391bab1f7	dcb4b7261af3f9fe	5	ok
quick/right-maximal	quick	synthetic-right-maximal-quick-balanced	right-maximal-suffix-link	max_matches=1000	20	0.105339	0.070836	0.107045	256000	2430249.005591	15825.098017	1667	1667	7bad0ec8641fa9fe	b3f21983e1771a8e	5	ok
quick/right-maximal	quick	synthetic-right-maximal-quick-balanced	right-maximal-suffix-link	max_matches=1000	50	0.397937	0.142435	0.425555	256000	643317.912132	4186.59235	1666	1666	d39ab12391bab1f7	dcb4b7261af3f9fe	5	ok
quick/right-maximal	quick	synthetic-right-maximal-quick-balanced	right-maximal-suffix-link	streaming	100	0.603369	0.483518	0.686375	256000	424284.310265	2761.162738	1666	1666	d39ab12391bab1f7	dcb4b7261af3f9fe	5	ok
quick/right-maximal	quick	synthetic-right-maximal-quick-balanced	right-maximal-suffix-link	streaming	20	0.115303	0.114737	0.163777	256000	2220237.114386	14457.559647	1667	1667	7bad0ec8641fa9fe	b3f21983e1771a8e	5	ok
quick/right-maximal	quick	synthetic-right-maximal-quick-balanced	right-maximal-suffix-link	streaming	50	0.134354	0.132596	0.134985	256000	1905414.055406	12400.077407	1666	1666	d39ab12391bab1f7	dcb4b7261af3f9fe	5	ok
quick/right-maximal	quick	synthetic-right-maximal-quick-balanced	right-maximal-suffix-link	vector	100	0.218097	0.120307	0.397339	256000	1173789.644057	7638.802918	1666	1666	d39ab12391bab1f7	dcb4b7261af3f9fe	5	ok
quick/right-maximal	quick	synthetic-right-maximal-quick-balanced	right-maximal-suffix-link	vector	20	0.073968	0.071094	0.179842	256000	3460956.08912	22536.772658	1667	1667	7bad0ec8641fa9fe	b3f21983e1771a8e	5	ok
quick/right-maximal	quick	synthetic-right-maximal-quick-balanced	right-maximal-suffix-link	vector	50	0.0888	0.086933	0.127919	256000	2882882.882883	18761.261261	1666	1666	d39ab12391bab1f7	dcb4b7261af3f9fe	5	ok
quick/right-maximal	quick	synthetic-right-maximal-quick-balanced	right-maximal-suffix-link-binary	max_matches=0	100	0.318817	0.239474	0.322402	256000	802968.474078	5225.568273	1666	0	d39ab12391bab1f7	0	5	ok
quick/right-maximal	quick	synthetic-right-maximal-quick-balanced	right-maximal-suffix-link-binary	max_matches=0	20	0.108604	0.071306	0.110649	256000	2357187.580568	15349.342566	1667	0	7bad0ec8641fa9fe	0	5	ok
quick/right-maximal	quick	synthetic-right-maximal-quick-balanced	right-maximal-suffix-link-binary	max_matches=0	50	0.094038	0.089526	0.130377	256000	2722303.749548	17716.24237	1666	0	d39ab12391bab1f7	0	5	ok
quick/right-maximal	quick	synthetic-right-maximal-quick-balanced	right-maximal-suffix-link-binary	max_matches=1000	100	0.129983	0.123889	0.24441	256000	1969488.317703	12817.060693	1666	1666	d39ab12391bab1f7	dcb4b7261af3f9fe	5	ok
quick/right-maximal	quick	synthetic-right-maximal-quick-balanced	right-maximal-suffix-link-binary	max_matches=1000	20	0.071222	0.07058	0.073207	256000	3594394.990312	23405.689253	1667	1667	7bad0ec8641fa9fe	b3f21983e1771a8e	5	ok
quick/right-maximal	quick	synthetic-right-maximal-quick-balanced	right-maximal-suffix-link-binary	max_matches=1000	50	0.09078	0.090618	0.091924	256000	2820004.406257	18352.059925	1666	1666	d39ab12391bab1f7	dcb4b7261af3f9fe	5	ok
quick/right-maximal	quick	synthetic-right-maximal-quick-balanced	right-maximal-suffix-link-binary	streaming	100	0.20267	0.123654	0.681252	256000	1263137.119455	8220.259535	1666	1666	d39ab12391bab1f7	dcb4b7261af3f9fe	5	ok
quick/right-maximal	quick	synthetic-right-maximal-quick-balanced	right-maximal-suffix-link-binary	streaming	20	0.121381	0.111116	0.136417	256000	2109061.549995	13733.61564	1667	1667	7bad0ec8641fa9fe	b3f21983e1771a8e	5	ok
quick/right-maximal	quick	synthetic-right-maximal-quick-balanced	right-maximal-suffix-link-binary	streaming	50	0.089156	0.088459	0.134567	256000	2871371.528557	18686.347526	1666	1666	d39ab12391bab1f7	dcb4b7261af3f9fe	5	ok
quick/right-maximal	quick	synthetic-right-maximal-quick-balanced	right-maximal-suffix-link-binary	vector	100	0.339676	0.304525	0.371369	256000	753659.369517	4904.673866	1666	1666	d39ab12391bab1f7	dcb4b7261af3f9fe	5	ok
quick/right-maximal	quick	synthetic-right-maximal-quick-balanced	right-maximal-suffix-link-binary	vector	20	0.115974	0.111112	0.179104	256000	2207391.311846	14373.911394	1667	1667	7bad0ec8641fa9fe	b3f21983e1771a8e	5	ok
quick/right-maximal	quick	synthetic-right-maximal-quick-balanced	right-maximal-suffix-link-binary	vector	50	0.13171	0.130896	0.134466	256000	1943664.110546	12649.001594	1666	1666	d39ab12391bab1f7	dcb4b7261af3f9fe	5	ok
quick/right-maximal	quick	synthetic-right-maximal-quick-balanced	right-maximal-suffix-link-sapling	max_matches=0	100	0.059009	0.058695	0.059048	256000	4338321.273026	28232.98141	1666	0	d39ab12391bab1f7	0	5	ok
quick/right-maximal	quick	synthetic-right-maximal-quick-balanced	right-maximal-suffix-link-sapling	max_matches=0	20	0.068105	0.058423	0.100424	256000	3758901.695911	24476.910653	1667	0	7bad0ec8641fa9fe	0	5	ok
quick/right-maximal	quick	synthetic-right-maximal-quick-balanced	right-maximal-suffix-link-sapling	max_matches=0	50	0.058721	0.05821	0.062853	256000	4359598.780675	28371.45144	1666	0	d39ab12391bab1f7	0	5	ok
quick/right-maximal	quick	synthetic-right-maximal-quick-balanced	right-maximal-suffix-link-sapling	max_matches=1000	100	0.058504	0.057803	0.059153	256000	4375769.178176	28476.685355	1666	1666	d39ab12391bab1f7	dcb4b7261af3f9fe	5	ok
quick/right-maximal	quick	synthetic-right-maximal-quick-balanced	right-maximal-suffix-link-sapling	max_matches=1000	20	0.060451	0.05859	0.069433	256000	4234834.8249	27576.053332	1667	1667	7bad0ec8641fa9fe	b3f21983e1771a8e	5	ok
quick/right-maximal	quick	synthetic-right-maximal-quick-balanced	right-maximal-suffix-link-sapling	max_matches=1000	50	0.055359	0.054322	0.058176	256000	4624360.98918	30094.47425	1666	1666	d39ab12391bab1f7	dcb4b7261af3f9fe	5	ok
quick/right-maximal	quick	synthetic-right-maximal-quick-balanced	right-maximal-suffix-link-sapling	streaming	100	0.056302	0.056141	0.056746	256000	4546907.747505	29590.423076	1666	1666	d39ab12391bab1f7	dcb4b7261af3f9fe	5	ok
quick/right-maximal	quick	synthetic-right-maximal-quick-balanced	right-maximal-suffix-link-sapling	streaming	20	0.054226	0.053931	0.085908	256000	4720982.554494	30741.710619	1667	1667	7bad0ec8641fa9fe	b3f21983e1771a8e	5	ok
quick/right-maximal	quick	synthetic-right-maximal-quick-balanced	right-maximal-suffix-link-sapling	streaming	50	0.060505	0.058813	0.072293	256000	4231055.284687	27534.91447	1666	1666	d39ab12391bab1f7	dcb4b7261af3f9fe	5	ok
quick/right-maximal	quick	synthetic-right-maximal-quick-balanced	right-maximal-suffix-link-sapling	vector	100	0.05762	0.056304	0.059056	256000	4442901.770219	28913.571677	1666	1666	d39ab12391bab1f7	dcb4b7261af3f9fe	5	ok
quick/right-maximal	quick	synthetic-right-maximal-quick-balanced	right-maximal-suffix-link-sapling	vector	20	0.096236	0.085771	0.101247	256000	2660127.187331	17322.000083	1667	1667	7bad0ec8641fa9fe	b3f21983e1771a8e	5	ok
quick/right-maximal	quick	synthetic-right-maximal-quick-balanced	right-maximal-suffix-link-sapling	vector	50	0.059978	0.059277	0.062907	256000	4268231.684951	27776.851512	1666	1666	d39ab12391bab1f7	dcb4b7261af3f9fe	5	ok
quick/right-maximal	quick	synthetic-right-maximal-quick-gc-skewed	fm-balanced	max_matches=0	100	NA	NA	NA	NA	NA	NA	NA	NA	NA	NA	NA	not_supported
quick/right-maximal	quick	synthetic-right-maximal-quick-gc-skewed	fm-balanced	max_matches=0	20	NA	NA	NA	NA	NA	NA	NA	NA	NA	NA	NA	not_supported
quick/right-maximal	quick	synthetic-right-maximal-quick-gc-skewed	fm-balanced	max_matches=0	50	NA	NA	NA	NA	NA	NA	NA	NA	NA	NA	NA	not_supported
quick/right-maximal	quick	synthetic-right-maximal-quick-gc-skewed	fm-balanced	max_matches=1000	100	NA	NA	NA	NA	NA	NA	NA	NA	NA	NA	NA	not_supported
quick/right-maximal	quick	synthetic-right-maximal-quick-gc-skewed	fm-balanced	max_matches=1000	20	NA	NA	NA	NA	NA	NA	NA	NA	NA	NA	NA	not_supported
quick/right-maximal	quick	synthetic-right-maximal-quick-gc-skewed	fm-balanced	max_matches=1000	50	NA	NA	NA	NA	NA	NA	NA	NA	NA	NA	NA	not_supported
quick/right-maximal	quick	synthetic-right-maximal-quick-gc-skewed	fm-balanced	streaming	100	NA	NA	NA	NA	NA	NA	NA	NA	NA	NA	NA	not_supported
quick/right-maximal	quick	synthetic-right-maximal-quick-gc-skewed	fm-balanced	streaming	20	NA	NA	NA	NA	NA	NA	NA	NA	NA	NA	NA	not_supported
quick/right-maximal	quick	synthetic-right-maximal-quick-gc-skewed	fm-balanced	streaming	50	NA	NA	NA	NA	NA	NA	NA	NA	NA	NA	NA	not_supported
quick/right-maximal	quick	synthetic-right-maximal-quick-gc-skewed	fm-balanced	vector	100	NA	NA	NA	NA	NA	NA	NA	NA	NA	NA	NA	not_supported
quick/right-maximal	quick	synthetic-right-maximal-quick-gc-skewed	fm-balanced	vector	20	NA	NA	NA	NA	NA	NA	NA	NA	NA	NA	NA	not_supported
quick/right-maximal	quick	synthetic-right-maximal-quick-gc-skewed	fm-balanced	vector	50	NA	NA	NA	NA	NA	NA	NA	NA	NA	NA	NA	not_supported
quick/right-maximal	quick	synthetic-right-maximal-quick-gc-skewed	fm-epr	max_matches=0	100	NA	NA	NA	NA	NA	NA	NA	NA	NA	NA	NA	not_supported
quick/right-maximal	quick	synthetic-right-maximal-quick-gc-skewed	fm-epr	max_matches=0	20	NA	NA	NA	NA	NA	NA	NA	NA	NA	NA	NA	not_supported
quick/right-maximal	quick	synthetic-right-maximal-quick-gc-skewed	fm-epr	max_matches=0	50	NA	NA	NA	NA	NA	NA	NA	NA	NA	NA	NA	not_supported
quick/right-maximal	quick	synthetic-right-maximal-quick-gc-skewed	fm-epr	max_matches=1000	100	NA	NA	NA	NA	NA	NA	NA	NA	NA	NA	NA	not_supported
quick/right-maximal	quick	synthetic-right-maximal-quick-gc-skewed	fm-epr	max_matches=1000	20	NA	NA	NA	NA	NA	NA	NA	NA	NA	NA	NA	not_supported
quick/right-maximal	quick	synthetic-right-maximal-quick-gc-skewed	fm-epr	max_matches=1000	50	NA	NA	NA	NA	NA	NA	NA	NA	NA	NA	NA	not_supported
quick/right-maximal	quick	synthetic-right-maximal-quick-gc-skewed	fm-epr	streaming	100	NA	NA	NA	NA	NA	NA	NA	NA	NA	NA	NA	not_supported
quick/right-maximal	quick	synthetic-right-maximal-quick-gc-skewed	fm-epr	streaming	20	NA	NA	NA	NA	NA	NA	NA	NA	NA	NA	NA	not_supported
quick/right-maximal	quick	synthetic-right-maximal-quick-gc-skewed	fm-epr	streaming	50	NA	NA	NA	NA	NA	NA	NA	NA	NA	NA	NA	not_supported
quick/right-maximal	quick	synthetic-right-maximal-quick-gc-skewed	fm-epr	vector	100	NA	NA	NA	NA	NA	NA	NA	NA	NA	NA	NA	not_supported
quick/right-maximal	quick	synthetic-right-maximal-quick-gc-skewed	fm-epr	vector	20	NA	NA	NA	NA	NA	NA	NA	NA	NA	NA	NA	not_supported
quick/right-maximal	quick	synthetic-right-maximal-quick-gc-skewed	fm-epr	vector	50	NA	NA	NA	NA	NA	NA	NA	NA	NA	NA	NA	not_supported
quick/right-maximal	quick	synthetic-right-maximal-quick-gc-skewed	fm-huff	max_matches=0	100	NA	NA	NA	NA	NA	NA	NA	NA	NA	NA	NA	not_supported
quick/right-maximal	quick	synthetic-right-maximal-quick-gc-skewed	fm-huff	max_matches=0	20	NA	NA	NA	NA	NA	NA	NA	NA	NA	NA	NA	not_supported
quick/right-maximal	quick	synthetic-right-maximal-quick-gc-skewed	fm-huff	max_matches=0	50	NA	NA	NA	NA	NA	NA	NA	NA	NA	NA	NA	not_supported
quick/right-maximal	quick	synthetic-right-maximal-quick-gc-skewed	fm-huff	max_matches=1000	100	NA	NA	NA	NA	NA	NA	NA	NA	NA	NA	NA	not_supported
quick/right-maximal	quick	synthetic-right-maximal-quick-gc-skewed	fm-huff	max_matches=1000	20	NA	NA	NA	NA	NA	NA	NA	NA	NA	NA	NA	not_supported
quick/right-maximal	quick	synthetic-right-maximal-quick-gc-skewed	fm-huff	max_matches=1000	50	NA	NA	NA	NA	NA	NA	NA	NA	NA	NA	NA	not_supported
quick/right-maximal	quick	synthetic-right-maximal-quick-gc-skewed	fm-huff	streaming	100	NA	NA	NA	NA	NA	NA	NA	NA	NA	NA	NA	not_supported
quick/right-maximal	quick	synthetic-right-maximal-quick-gc-skewed	fm-huff	streaming	20	NA	NA	NA	NA	NA	NA	NA	NA	NA	NA	NA	not_supported
quick/right-maximal	quick	synthetic-right-maximal-quick-gc-skewed	fm-huff	streaming	50	NA	NA	NA	NA	NA	NA	NA	NA	NA	NA	NA	not_supported
quick/right-maximal	quick	synthetic-right-maximal-quick-gc-skewed	fm-huff	vector	100	NA	NA	NA	NA	NA	NA	NA	NA	NA	NA	NA	not_supported
quick/right-maximal	quick	synthetic-right-maximal-quick-gc-skewed	fm-huff	vector	20	NA	NA	NA	NA	NA	NA	NA	NA	NA	NA	NA	not_supported
quick/right-maximal	quick	synthetic-right-maximal-quick-gc-skewed	fm-huff	vector	50	NA	NA	NA	NA	NA	NA	NA	NA	NA	NA	NA	not_supported
quick/right-maximal	quick	synthetic-right-maximal-quick-gc-skewed	right-maximal-baseline	max_matches=0	100	0.277658	0.215972	0.404244	256000	921997.56535	6000.187281	1666	0	d39ab12391bab1f7	0	5	ok
quick/right-maximal	quick	synthetic-right-maximal-quick-gc-skewed	right-maximal-baseline	max_matches=0	20	1.025693	0.99225	1.087534	256000	249587.352161	1647.666504	1690	0	ba45e2c634d96b47	0	5	ok
quick/right-maximal	quick	synthetic-right-maximal-quick-gc-skewed	right-maximal-baseline	max_matches=0	50	0.27205	0.271607	0.864364	256000	941003.492005	6123.874288	1666	0	d39ab12391bab1f7	0	5	ok
quick/right-maximal	quick	synthetic-right-maximal-quick-gc-skewed	right-maximal-baseline	max_matches=1000	100	0.215255	0.214064	0.216351	256000	1189287.124573	7739.657615	1666	1666	d39ab12391bab1f7	e787b1c64c739d2a	5	ok
quick/right-maximal	quick	synthetic-right-maximal-quick-gc-skewed	right-maximal-baseline	max_matches=1000	20	0.301092	0.297819	0.577659	256000	850238.46532	5612.902369	1690	1690	ba45e2c634d96b47	b320490e23f6db63	5	ok
quick/right-maximal	quick	synthetic-right-maximal-quick-gc-skewed	right-maximal-baseline	max_matches=1000	50	0.612295	0.361846	0.858071	256000	418099.118889	2720.910672	1666	1666	d39ab12391bab1f7	e787b1c64c739d2a	5	ok
quick/right-maximal	quick	synthetic-right-maximal-quick-gc-skewed	right-maximal-baseline	streaming	100	0.289688	0.281939	0.461134	256000	883709.370081	5751.014885	1666	1666	d39ab12391bab1f7	e787b1c64c739d2a	5	ok
quick/right-maximal	quick	synthetic-right-maximal-quick-gc-skewed	right-maximal-baseline	streaming	20	0.29885	0.297997	0.301861	256000	856617.031956	5655.010875	1690	1690	ba45e2c634d96b47	b320490e23f6db63	5	ok
quick/right-maximal	quick	synthetic-right-maximal-quick-gc-skewed	right-maximal-baseline	streaming	50	0.2713	0.270216	0.272792	256000	943604.865463	6140.803539	1666	1666	d39ab12391bab1f7	e787b1c64c739d2a	5	ok
quick/right-maximal	quick	synthetic-right-maximal-quick-gc-skewed	right-maximal-baseline	vector	100	0.411594	0.278341	0.495908	256000	621972.137592	4047.678052	1666	1666	d39ab12391bab1f7	e787b1c64c739d2a	5	ok
quick/right-maximal	quick	synthetic-right-maximal-quick-gc-skewed	right-maximal-baseline	vector	20	0.560684	0.351808	1.088715	256000	456585.17097	3014.175543	1690	1690	ba45e2c634d96b47	b320490e23f6db63	5	ok
quick/right-maximal	quick	synthetic-right-maximal-quick-gc-skewed	right-maximal-baseline	vector	50	0.271216	0.27069	0.27138	256000	943897.115214	6142.705445	1666	1666	d39ab12391bab1f7	e787b1c64c739d2a	5	ok
quick/right-maximal	quick	synthetic-right-maximal-quick-gc-skewed	right-maximal-child	max_matches=0	100	0.627619	0.603188	0.671168	256000	407890.774499	2654.476681	1666	0	d39ab12391bab1f7	0	5	ok
quick/right-maximal	quick	synthetic-right-maximal-quick-gc-skewed	right-maximal-child	max_matches=0	20	0.930911	0.917256	1.179109	256000	274999.436036	1815.425964	1690	0	ba45e2c634d96b47	0	5	ok
quick/right-maximal	quick	synthetic-right-maximal-quick-gc-skewed	right-maximal-child	max_matches=0	50	1.776189	1.082987	2.121507	256000	144128.806112	937.963246	1666	0	d39ab12391bab1f7	0	5	ok
quick/right-maximal	quick	synthetic-right-maximal-quick-gc-skewed	right-maximal-child	max_matches=1000	100	0.628606	0.614389	0.676772	256000	407250.328505	2650.308778	1666	1666	d39ab12391bab1f7	e787b1c64c739d2a	5	ok
quick/right-maximal	quick	synthetic-right-maximal-quick-gc-skewed	right-maximal-child	max_matches=1000	20	1.22121	1.05263	1.381927	256000	209628.155682	1383.873371	1690	1690	ba45e2c634d96b47	b320490e23f6db63	5	ok
quick/right-maximal	quick	synthetic-right-maximal-quick-gc-skewed	right-maximal-child	max_matches=1000	50	0.81621	0.798133	0.908575	256000	313644.772791	2041.141373	1666	1666	d39ab12391bab1f7	e787b1c64c739d2a	5	ok
quick/right-maximal	quick	synthetic-right-maximal-quick-gc-skewed	right-maximal-child	streaming	100	0.821527	0.613652	0.977987	256000	311614.834327	2027.930914	1666	1666	d39ab12391bab1f7	e787b1c64c739d2a	5	ok
quick/right-maximal	quick	synthetic-right-maximal-quick-gc-skewed	right-maximal-child	streaming	20	1.005124	0.92387	1.057464	256000	254694.943111	1681.384585	1690	1690	ba45e2c634d96b47	b320490e23f6db63	5	ok
quick/right-maximal	quick	synthetic-right-maximal-quick-gc-skewed	right-maximal-child	streaming	50	0.829286	0.812433	0.854636	256000	308699.290715	2008.957103	1666	1666	d39ab12391bab1f7	e787b1c64c739d2a	5	ok
quick/right-maximal	quick	synthetic-right-maximal-quick-gc-skewed	right-maximal-child	vector	100	0.737006	0.677001	0.829338	256000	347351.310573	2260.497201	1666	1666	d39ab12391bab1f7	e787b1c64c739d2a	5	ok
quick/right-maximal	quick	synthetic-right-maximal-quick-gc-skewed	right-maximal-child	vector	20	2.16956	0.93202	2.413912	256000	117996.275743	778.959789	1690	1690	ba45e2c634d96b47	b320490e23f6db63	5	ok
quick/right-maximal	quick	synthetic-right-maximal-quick-gc-skewed	right-maximal-child	vector	50	0.828392	0.812489	0.891332	256000	309032.438749	2011.125168	1666	1666	d39ab12391bab1f7	e787b1c64c739d2a	5	ok
quick/right-maximal	quick	synthetic-right-maximal-quick-gc-skewed	right-maximal-full	max_matches=0	100	0.306307	0.290528	0.309934	256000	835762.813125	5438.987682	1666	0	d39ab12391bab1f7	0	5	ok
quick/right-maximal	quick	synthetic-right-maximal-quick-gc-skewed	right-maximal-full	max_matches=0	20	0.306894	0.282016	0.309228	256000	834164.239118	5506.78736	1690	0	ba45e2c634d96b47	0	5	ok
quick/right-maximal	quick	synthetic-right-maximal-quick-gc-skewed	right-maximal-full	max_matches=0	50	0.236665	0.175568	0.339793	256000	1081697.758435	7039.486194	1666	0	d39ab12391bab1f7	0	5	ok
quick/right-maximal	quick	synthetic-right-maximal-quick-gc-skewed	right-maximal-full	max_matches=1000	100	0.308071	0.302107	0.32061	256000	830977.274719	5407.844296	1666	1666	d39ab12391bab1f7	e787b1c64c739d2a	5	ok
quick/right-maximal	quick	synthetic-right-maximal-quick-gc-skewed	right-maximal-full	max_matches=1000	20	0.177848	0.116455	0.289756	256000	1439431.424587	9502.496514	1690	1690	ba45e2c634d96b47	b320490e23f6db63	5	ok
quick/right-maximal	quick	synthetic-right-maximal-quick-gc-skewed	right-maximal-full	max_matches=1000	50	0.250323	0.196108	0.348352	256000	1022678.699121	6655.401222	1666	1666	d39ab12391bab1f7	e787b1c64c739d2a	5	ok
quick/right-maximal	quick	synthetic-right-maximal-quick-gc-skewed	right-maximal-full	streaming	100	0.331639	0.32045	0.496587	256000	771923.688107	5023.534627	1666	1666	d39ab12391bab1f7	e787b1c64c739d2a	5	ok
quick/right-maximal	quick	synthetic-right-maximal-quick-gc-skewed	right-maximal-full	streaming	20	0.117753	0.108891	0.129904	256000	2174042.274931	14352.075956	1690	1690	ba45e2c634d96b47	b320490e23f6db63	5	ok
quick/right-maximal	quick	synthetic-right-maximal-quick-gc-skewed	right-maximal-full	streaming	50	0.17934	0.176667	0.188426	256000	1427456.228393	9289.617486	1666	1666	d39ab12391bab1f7	e787b1c64c739d2a	5	ok
quick/right-maximal	quick	synthetic-right-maximal-quick-gc-skewed	right-maximal-full	vector	100	0.297961	0.293634	0.440045	256000	859172.844768	5591.335779	1666	1666	d39ab12391bab1f7	e787b1c64c739d2a	5	ok
quick/right-maximal	quick	synthetic-right-maximal-quick-gc-skewed	right-maximal-full	vector	20	0.30016	0.288853	0.309243	256000	852878.464819	5630.33049	1690	1690	ba45e2c634d96b47	b320490e23f6db63	5	ok
quick/right-maximal	quick	synthetic-right-maximal-quick-gc-skewed	right-maximal-full	vector	50	0.177548	0.173248	0.179781	256000	1441863.608714	9383.378016	1666	1666	d39ab12391bab1f7	e787b1c64c739d2a	5	ok
quick/right-maximal	quick	synthetic-right-maximal-quick-gc-skewed	right-maximal-lcp	max_matches=0	100	0.295255	0.280595	0.403185	256000	867047.128753	5642.580143	1666	0	d39ab12391bab1f7	0	5	ok
quick/right-maximal	quick	synthetic-right-maximal-quick-gc-skewed	right-maximal-lcp	max_matches=0	20	0.394521	0.303663	1.121152	256000	648888.145371	4283.675647	1690	0	ba45e2c634d96b47	0	5	ok
quick/right-maximal	quick	synthetic-right-maximal-quick-gc-skewed	right-maximal-lcp	max_matches=0	50	0.27133	0.270494	0.272093	256000	943500.534405	6140.124572	1666	0	d39ab12391bab1f7	0	5	ok
quick/right-maximal	quick	synthetic-right-maximal-quick-gc-skewed	right-maximal-lcp	max_matches=1000	100	0.217769	0.214206	0.221695	256000	1175557.58625	7650.308354	1666	1666	d39ab12391bab1f7	e787b1c64c739d2a	5	ok
quick/right-maximal	quick	synthetic-right-maximal-quick-gc-skewed	right-maximal-lcp	max_matches=1000	20	1.06026	0.829172	1.148715	256000	241450.210326	1593.948654	1690	1690	ba45e2c634d96b47	b320490e23f6db63	5	ok
quick/right-maximal	quick	synthetic-right-maximal-quick-gc-skewed	right-maximal-lcp	max_matches=1000	50	0.570593	0.358813	0.677204	256000	448656.047305	2919.769433	1666	1666	d39ab12391bab1f7	e787b1c64c739d2a	5	ok
quick/right-maximal	quick	synthetic-right-maximal-quick-gc-skewed	right-maximal-lcp	streaming	100	0.287921	0.283218	0.535266	256000	889132.782951	5786.309439	1666	1666	d39ab12391bab1f7	e787b1c64c739d2a	5	ok
quick/right-maximal	quick	synthetic-right-maximal-quick-gc-skewed	right-maximal-lcp	streaming	20	0.346802	0.33289	0.358556	256000	738173.366936	4873.097618	1690	1690	ba45e2c634d96b47	b320490e23f6db63	5	ok
quick/right-maximal	quick	synthetic-right-maximal-quick-gc-skewed	right-maximal-lcp	streaming	50	0.274829	0.272794	0.31509	256000	931488.307275	6061.95125	1666	1666	d39ab12391bab1f7	e787b1c64c739d2a	5	ok
quick/right-maximal	quick	synthetic-right-maximal-quick-gc-skewed	right-maximal-lcp	vector	100	0.288484	0.283113	0.505846	256000	887397.567976	5775.016985	1666	1666	d39ab12391bab1f7	e787b1c64c739d2a	5	ok
quick/right-maximal	quick	synthetic-right-maximal-quick-gc-skewed	right-maximal-lcp	vector	20	0.3011	0.296985	0.304115	256000	850215.875125	5612.753238	1690	1690	ba45e2c634d96b47	b320490e23f6db63	5	ok
quick/right-maximal	quick	synthetic-right-maximal-quick-gc-skewed	right-maximal-lcp	vector	50	0.271293	0.271019	0.27216	256000	943629.212696	6140.961986	1666	1666	d39ab12391bab1f7	e787b1c64c739d2a	5	ok
quick/right-maximal	quick	synthetic-right-maximal-quick-gc-skewed	right-maximal-sampled-k4	max_matches=0	100	0.127382	0.122205	0.127857	256000	2009703.097769	13078.770941	1666	0	d39ab12391bab1f7	0	5	ok
quick/right-maximal	quick	synthetic-right-maximal-quick-gc-skewed	right-maximal-sampled-k4	max_matches=0	20	0.226068	0.204447	0.247695	256000	1132402.639914	7475.626803	1690	0	ba45e2c634d96b47	0	5	ok
quick/right-maximal	quick	synthetic-right-maximal-quick-gc-skewed	right-maximal-sampled-k4	max_matches=0	50	0.16596	0.164961	0.189437	256000	1542540.371174	10038.563509	1666	0	d39ab12391bab1f7	0	5	ok
quick/right-maximal	quick	synthetic-right-maximal-quick-gc-skewed	right-maximal-sampled-k4	max_matches=1000	100	0.12753	0.122755	0.128662	256000	2007370.81471	13063.59288	1666	1666	d39ab12391bab1f7	e787b1c64c739d2a	5	ok
quick/right-maximal	quick	synthetic-right-maximal-quick-gc-skewed	right-maximal-sampled-k4	max_matches=1000	20	0.220536	0.209006	0.474434	256000	1160808.212718	7663.147967	1690	1690	ba45e2c634d96b47	b320490e23f6db63	5	ok
quick/right-maximal	quick	synthetic-right-maximal-quick-gc-skewed	right-maximal-sampled-k4	max_matches=1000	50	0.153414	0.147543	0.153791	256000	1668687.342746	10859.504348	1666	1666	d39ab12391bab1f7	e787b1c64c739d2a	5	ok
quick/right-maximal	quick	synthetic-right-maximal-quick-gc-skewed	right-maximal-sampled-k4	streaming	100	0.12728	0.121869	0.127667	256000	2011313.639221	13089.252043	1666	1666	d39ab12391bab1f7	e787b1c64c739d2a	5	ok
quick/right-maximal	quick	synthetic-right-maximal-quick-gc-skewed	right-maximal-sampled-k4	streaming	20	0.171042	0.164262	0.187059	256000	1496708.4108	9880.614118	1690	1690	ba45e2c634d96b47	b320490e23f6db63	5	ok
quick/right-maximal	quick	synthetic-right-maximal-quick-gc-skewed	right-maximal-sampled-k4	streaming	50	0.194486	0.190689	0.207446	256000	1316290.118569	8566.169287	1666	1666	d39ab12391bab1f7	e787b1c64c739d2a	5	ok
quick/right-maximal	quick	synthetic-right-maximal-quick-gc-skewed	right-maximal-sampled-k4	vector	100	0.127541	0.122197	0.127864	256000	2007197.68545	13062.466187	1666	1666	d39ab12391bab1f7	e787b1c64c739d2a	5	ok
quick/right-maximal	quick	synthetic-right-maximal-quick-gc-skewed	right-maximal-sampled-k4	vector	20	0.177617	0.1774	0.229744	256000	1441303.478834	9514.854997	1690	1690	ba45e2c634d96b47	b320490e23f6db63	5	ok
quick/right-maximal	quick	synthetic-right-maximal-quick-gc-skewed	right-maximal-sampled-k4	vector	50	0.193501	0.180685	0.229645	256000	1322990.57886	8609.774626	1666	1666	d39ab12391bab1f7	e787b1c64c739d2a	5	ok
quick/right-maximal	quick	synthetic-right-maximal-quick-gc-skewed	right-maximal-sampled-k8	max_matches=0	100	0.12278	0.122373	0.123042	256000	2085030.135201	13568.985177	1666	0	d39ab12391bab1f7	0	5	ok
quick/right-maximal	quick	synthetic-right-maximal-quick-gc-skewed	right-maximal-sampled-k8	max_matches=0	20	0.234701	0.228856	0.44799	256000	1090749.506819	7200.651041	1690	0	ba45e2c634d96b47	0	5	ok
quick/right-maximal	quick	synthetic-right-maximal-quick-gc-skewed	right-maximal-sampled-k8	max_matches=0	50	0.162326	0.156012	0.163206	256000	1577073.296946	10263.297315	1666	0	d39ab12391bab1f7	0	5	ok
quick/right-maximal	quick	synthetic-right-maximal-quick-gc-skewed	right-maximal-sampled-k8	max_matches=1000	100	0.123109	0.122719	0.128458	256000	2079458.041248	13532.723034	1666	1666	d39ab12391bab1f7	e787b1c64c739d2a	5	ok
quick/right-maximal	quick	synthetic-right-maximal-quick-gc-skewed	right-maximal-sampled-k8	max_matches=1000	20	0.230077	0.229683	0.237233	256000	1112670.975369	7345.366986	1690	1690	ba45e2c634d96b47	b320490e23f6db63	5	ok
quick/right-maximal	quick	synthetic-right-maximal-quick-gc-skewed	right-maximal-sampled-k8	max_matches=1000	50	0.160055	0.155959	0.290021	256000	1599450.188998	10408.921933	1666	1666	d39ab12391bab1f7	e787b1c64c739d2a	5	ok
quick/right-maximal	quick	synthetic-right-maximal-quick-gc-skewed	right-maximal-sampled-k8	streaming	100	0.124411	0.124137	0.203625	256000	2057695.862906	13391.098858	1666	1666	d39ab12391bab1f7	e787b1c64c739d2a	5	ok
quick/right-maximal	quick	synthetic-right-maximal-quick-gc-skewed	right-maximal-sampled-k8	streaming	20	0.2218	0.221077	0.347915	256000	1154192.966637	7619.477006	1690	1690	ba45e2c634d96b47	b320490e23f6db63	5	ok
quick/right-maximal	quick	synthetic-right-maximal-quick-gc-skewed	right-maximal-sampled-k8	streaming	50	0.163446	0.162933	0.172367	256000	1566266.534513	10192.968932	1666	1666	d39ab12391bab1f7	e787b1c64c739d2a	5	ok
quick/right-maximal	quick	synthetic-right-maximal-quick-gc-skewed	right-maximal-sampled-k8	vector	100	0.123007	0.122582	0.123223	256000	2081182.371735	13543.944654	1666	1666	d39ab12391bab1f7	e787b1c64c739d2a	5	ok
quick/right-maximal	quick	synthetic-right-maximal-quick-gc-skewed	right-maximal-sampled-k8	vector	20	0.227114	0.222113	0.283436	256000	1127187.22756	7441.196932	1690	1690	ba45e2c634d96b47	b320490e23f6db63	5	ok
quick/right-maximal	quick	synthetic-right-maximal-quick-gc-skewed	right-maximal-sampled-k8	vector	50	0.163617	0.156762	0.256491	256000	1564629.59228	10182.316019	1666	1666	d39ab12391bab1f7	e787b1c64c739d2a	5	ok
quick/right-maximal	quick	synthetic-right-maximal-quick-gc-skewed	right-maximal-suffix-link	max_matches=0	100	0.139736	0.135732	0.148257	256000	1832026.106372	11922.482395	1666	0	d39ab12391bab1f7	0	5	ok
quick/right-maximal	quick	synthetic-right-maximal-quick-gc-skewed	right-maximal-suffix-link	max_matches=0	20	0.191917	0.142958	0.198975	256000	1333909.971498	8805.890046	1690	0	ba45e2c634d96b47	0	5	ok
quick/right-maximal	quick	synthetic-right-maximal-quick-gc-skewed	right-maximal-suffix-link	max_matches=0	50	0.079441	0.078669	0.080078	256000	3222517.339913	20971.538626	1666	0	d39ab12391bab1f7	0	5	ok
quick/right-maximal	quick	synthetic-right-maximal-quick-gc-skewed	right-maximal-suffix-link	max_matches=1000	100	0.134123	0.132938	0.175475	256000	1908695.749424	12421.434057	1666	1666	d39ab12391bab1f7	e787b1c64c739d2a	5	ok
quick/right-maximal	quick	synthetic-right-maximal-quick-gc-skewed	right-maximal-suffix-link	max_matches=1000	20	0.07019	0.065946	0.113299	256000	3647243.197037	24077.503918	1690	1690	ba45e2c634d96b47	b320490e23f6db63	5	ok
quick/right-maximal	quick	synthetic-right-maximal-quick-gc-skewed	right-maximal-suffix-link	max_matches=1000	50	0.079517	0.077839	0.084424	256000	3219437.353019	20951.494649	1666	1666	d39ab12391bab1f7	e787b1c64c739d2a	5	ok
quick/right-maximal	quick	synthetic-right-maximal-quick-gc-skewed	right-maximal-suffix-link	streaming	100	0.132596	0.129463	0.272475	256000	1930676.641829	12564.481583	1666	1666	d39ab12391bab1f7	e787b1c64c739d2a	5	ok
quick/right-maximal	quick	synthetic-right-maximal-quick-gc-skewed	right-maximal-suffix-link	streaming	20	0.198306	0.195214	0.1999	256000	1290934.212782	8522.182889	1690	1690	ba45e2c634d96b47	b320490e23f6db63	5	ok
quick/right-maximal	quick	synthetic-right-maximal-quick-gc-skewed	right-maximal-suffix-link	streaming	50	0.081301	0.080267	0.082969	256000	3148792.757777	20491.752869	1666	1666	d39ab12391bab1f7	e787b1c64c739d2a	5	ok
quick/right-maximal	quick	synthetic-right-maximal-quick-gc-skewed	right-maximal-suffix-link	vector	100	0.230247	0.138138	0.268993	256000	1111849.448636	7235.70774	1666	1666	d39ab12391bab1f7	e787b1c64c739d2a	5	ok
quick/right-maximal	quick	synthetic-right-maximal-quick-gc-skewed	right-maximal-suffix-link	vector	20	0.195396	0.194274	0.202691	256000	1310159.880448	8649.102336	1690	1690	ba45e2c634d96b47	b320490e23f6db63	5	ok
quick/right-maximal	quick	synthetic-right-maximal-quick-gc-skewed	right-maximal-suffix-link	vector	50	0.079747	0.078694	0.08136	256000	3210152.106035	20891.068003	1666	1666	d39ab12391bab1f7	e787b1c64c739d2a	5	ok
quick/right-maximal	quick	synthetic-right-maximal-quick-gc-skewed	right-maximal-suffix-link-binary	max_matches=0	100	0.175313	0.106863	0.220089	256000	1460245.389674	9503.0032	1666	0	d39ab12391bab1f7	0	5	ok
quick/right-maximal	quick	synthetic-right-maximal-quick-gc-skewed	right-maximal-suffix-link-binary	max_matches=0	20	0.072517	0.069953	0.074509	256000	3530206.710151	23304.880235	1690	0	ba45e2c634d96b47	0	5	ok
quick/right-maximal	quick	synthetic-right-maximal-quick-gc-skewed	right-maximal-suffix-link-binary	max_matches=0	50	0.079785	0.078681	0.115745	256000	3208623.174782	20881.118005	1666	0	d39ab12391bab1f7	0	5	ok
quick/right-maximal	quick	synthetic-right-maximal-quick-gc-skewed	right-maximal-suffix-link-binary	max_matches=1000	100	0.104385	0.103286	0.110155	256000	2452459.644585	15960.147531	1666	1666	d39ab12391bab1f7	e787b1c64c739d2a	5	ok
quick/right-maximal	quick	synthetic-right-maximal-quick-gc-skewed	right-maximal-suffix-link-binary	max_matches=1000	20	0.072367	0.069161	0.074453	256000	3537524.009562	23353.185844	1690	1690	ba45e2c634d96b47	b320490e23f6db63	5	ok
quick/right-maximal	quick	synthetic-right-maximal-quick-gc-skewed	right-maximal-suffix-link-binary	max_matches=1000	50	0.093915	0.089887	0.286964	256000	2725869.136986	17739.445243	1666	1666	d39ab12391bab1f7	e787b1c64c739d2a	5	ok
quick/right-maximal	quick	synthetic-right-maximal-quick-gc-skewed	right-maximal-suffix-link-binary	streaming	100	0.362732	0.355587	0.375949	256000	705755.213215	4592.922599	1666	1666	d39ab12391bab1f7	e787b1c64c739d2a	5	ok
quick/right-maximal	quick	synthetic-right-maximal-quick-gc-skewed	right-maximal-suffix-link-binary	streaming	20	0.064755	0.064079	0.065715	256000	3953362.674697	26098.370782	1690	1690	ba45e2c634d96b47	b320490e23f6db63	5	ok
quick/right-maximal	quick	synthetic-right-maximal-quick-gc-skewed	right-maximal-suffix-link-binary	streaming	50	0.089797	0.079378	0.092842	256000	2850874.750827	18552.958339	1666	1666	d39ab12391bab1f7	e787b1c64c739d2a	5	ok
quick/right-maximal	quick	synthetic-right-maximal-quick-gc-skewed	right-maximal-suffix-link-binary	vector	100	0.385899	0.374443	0.398047	256000	663386.015512	4317.191804	1666	1666	d39ab12391bab1f7	e787b1c64c739d2a	5	ok
quick/right-maximal	quick	synthetic-right-maximal-quick-gc-skewed	right-maximal-suffix-link-binary	vector	20	0.065071	0.063706	0.065603	256000	3934164.220621	25971.630988	1690	1690	ba45e2c634d96b47	b320490e23f6db63	5	ok
quick/right-maximal	quick	synthetic-right-maximal-quick-gc-skewed	right-maximal-suffix-link-binary	vector	50	0.08074	0.07994	0.083152	256000	3170671.290562	20634.134258	1666	1666	d39ab12391bab1f7	e787b1c64c739d2a	5	ok
quick/right-maximal	quick	synthetic-right-maximal-quick-gc-skewed	right-maximal-suffix-link-sapling	max_matches=0	100	0.064694	0.064243	0.068653	256000	3957090.302037	25752.001731	1666	0	d39ab12391bab1f7	0	5	ok
quick/right-maximal	quick	synthetic-right-maximal-quick-gc-skewed	right-maximal-suffix-link-sapling	max_matches=0	20	0.114532	0.052486	0.118992	256000	2235183.180247	14755.701463	1690	0	ba45e2c634d96b47	0	5	ok
quick/right-maximal	quick	synthetic-right-maximal-quick-gc-skewed	right-maximal-suffix-link-sapling	max_matches=0	50	0.066454	0.065769	0.099831	256000	3852288.801276	25069.973215	1666	0	d39ab12391bab1f7	0	5	ok
quick/right-maximal	quick	synthetic-right-maximal-quick-gc-skewed	right-maximal-suffix-link-sapling	max_matches=1000	100	0.068629	0.067877	0.071075	256000	3730201.518309	24275.452068	1666	1666	d39ab12391bab1f7	e787b1c64c739d2a	5	ok
quick/right-maximal	quick	synthetic-right-maximal-quick-gc-skewed	right-maximal-suffix-link-sapling	max_matches=1000	20	0.06373	0.063125	0.115402	256000	4016946.493017	26518.123333	1690	1690	ba45e2c634d96b47	b320490e23f6db63	5	ok
quick/right-maximal	quick	synthetic-right-maximal-quick-gc-skewed	right-maximal-suffix-link-sapling	max_matches=1000	50	0.067158	0.065723	0.119698	256000	3811906.250931	24807.171149	1666	1666	d39ab12391bab1f7	e787b1c64c739d2a	5	ok
quick/right-maximal	quick	synthetic-right-maximal-quick-gc-skewed	right-maximal-suffix-link-sapling	streaming	100	0.065183	0.0646	0.07228	256000	3927404.384579	25558.811347	1666	1666	d39ab12391bab1f7	e787b1c64c739d2a	5	ok
quick/right-maximal	quick	synthetic-right-maximal-quick-gc-skewed	right-maximal-suffix-link-sapling	streaming	20	0.053158	0.053071	0.053629	256000	4815832.047857	31792.016253	1690	1690	ba45e2c634d96b47	b320490e23f6db63	5	ok
quick/right-maximal	quick	synthetic-right-maximal-quick-gc-skewed	right-maximal-suffix-link-sapling	streaming	50	0.068632	0.067073	0.122774	256000	3730038.466022	24274.390955	1666	1666	d39ab12391bab1f7	e787b1c64c739d2a	5	ok
quick/right-maximal	quick	synthetic-right-maximal-quick-gc-skewed	right-maximal-suffix-link-sapling	vector	100	0.064845	0.064284	0.066932	256000	3947875.703601	25692.034852	1666	1666	d39ab12391bab1f7	e787b1c64c739d2a	5	ok
quick/right-maximal	quick	synthetic-right-maximal-quick-gc-skewed	right-maximal-suffix-link-sapling	vector	20	0.097895	0.052794	0.098833	256000	2615046.733745	17263.394453	1690	1690	ba45e2c634d96b47	b320490e23f6db63	5	ok
quick/right-maximal	quick	synthetic-right-maximal-quick-gc-skewed	right-maximal-suffix-link-sapling	vector	50	0.070203	0.066011	0.148608	256000	3646567.810492	23731.179579	1666	1666	d39ab12391bab1f7	e787b1c64c739d2a	5	ok
quick/right-maximal	quick	synthetic-right-maximal-quick-many-contig	fm-balanced	max_matches=0	100	NA	NA	NA	NA	NA	NA	NA	NA	NA	NA	NA	not_supported
quick/right-maximal	quick	synthetic-right-maximal-quick-many-contig	fm-balanced	max_matches=0	20	NA	NA	NA	NA	NA	NA	NA	NA	NA	NA	NA	not_supported
quick/right-maximal	quick	synthetic-right-maximal-quick-many-contig	fm-balanced	max_matches=0	50	NA	NA	NA	NA	NA	NA	NA	NA	NA	NA	NA	not_supported
quick/right-maximal	quick	synthetic-right-maximal-quick-many-contig	fm-balanced	max_matches=1000	100	NA	NA	NA	NA	NA	NA	NA	NA	NA	NA	NA	not_supported
quick/right-maximal	quick	synthetic-right-maximal-quick-many-contig	fm-balanced	max_matches=1000	20	NA	NA	NA	NA	NA	NA	NA	NA	NA	NA	NA	not_supported
quick/right-maximal	quick	synthetic-right-maximal-quick-many-contig	fm-balanced	max_matches=1000	50	NA	NA	NA	NA	NA	NA	NA	NA	NA	NA	NA	not_supported
quick/right-maximal	quick	synthetic-right-maximal-quick-many-contig	fm-balanced	streaming	100	NA	NA	NA	NA	NA	NA	NA	NA	NA	NA	NA	not_supported
quick/right-maximal	quick	synthetic-right-maximal-quick-many-contig	fm-balanced	streaming	20	NA	NA	NA	NA	NA	NA	NA	NA	NA	NA	NA	not_supported
quick/right-maximal	quick	synthetic-right-maximal-quick-many-contig	fm-balanced	streaming	50	NA	NA	NA	NA	NA	NA	NA	NA	NA	NA	NA	not_supported
quick/right-maximal	quick	synthetic-right-maximal-quick-many-contig	fm-balanced	vector	100	NA	NA	NA	NA	NA	NA	NA	NA	NA	NA	NA	not_supported
quick/right-maximal	quick	synthetic-right-maximal-quick-many-contig	fm-balanced	vector	20	NA	NA	NA	NA	NA	NA	NA	NA	NA	NA	NA	not_supported
quick/right-maximal	quick	synthetic-right-maximal-quick-many-contig	fm-balanced	vector	50	NA	NA	NA	NA	NA	NA	NA	NA	NA	NA	NA	not_supported
quick/right-maximal	quick	synthetic-right-maximal-quick-many-contig	fm-epr	max_matches=0	100	NA	NA	NA	NA	NA	NA	NA	NA	NA	NA	NA	not_supported
quick/right-maximal	quick	synthetic-right-maximal-quick-many-contig	fm-epr	max_matches=0	20	NA	NA	NA	NA	NA	NA	NA	NA	NA	NA	NA	not_supported
quick/right-maximal	quick	synthetic-right-maximal-quick-many-contig	fm-epr	max_matches=0	50	NA	NA	NA	NA	NA	NA	NA	NA	NA	NA	NA	not_supported
quick/right-maximal	quick	synthetic-right-maximal-quick-many-contig	fm-epr	max_matches=1000	100	NA	NA	NA	NA	NA	NA	NA	NA	NA	NA	NA	not_supported
quick/right-maximal	quick	synthetic-right-maximal-quick-many-contig	fm-epr	max_matches=1000	20	NA	NA	NA	NA	NA	NA	NA	NA	NA	NA	NA	not_supported
quick/right-maximal	quick	synthetic-right-maximal-quick-many-contig	fm-epr	max_matches=1000	50	NA	NA	NA	NA	NA	NA	NA	NA	NA	NA	NA	not_supported
quick/right-maximal	quick	synthetic-right-maximal-quick-many-contig	fm-epr	streaming	100	NA	NA	NA	NA	NA	NA	NA	NA	NA	NA	NA	not_supported
quick/right-maximal	quick	synthetic-right-maximal-quick-many-contig	fm-epr	streaming	20	NA	NA	NA	NA	NA	NA	NA	NA	NA	NA	NA	not_supported
quick/right-maximal	quick	synthetic-right-maximal-quick-many-contig	fm-epr	streaming	50	NA	NA	NA	NA	NA	NA	NA	NA	NA	NA	NA	not_supported
quick/right-maximal	quick	synthetic-right-maximal-quick-many-contig	fm-epr	vector	100	NA	NA	NA	NA	NA	NA	NA	NA	NA	NA	NA	not_supported
quick/right-maximal	quick	synthetic-right-maximal-quick-many-contig	fm-epr	vector	20	NA	NA	NA	NA	NA	NA	NA	NA	NA	NA	NA	not_supported
quick/right-maximal	quick	synthetic-right-maximal-quick-many-contig	fm-epr	vector	50	NA	NA	NA	NA	NA	NA	NA	NA	NA	NA	NA	not_supported
quick/right-maximal	quick	synthetic-right-maximal-quick-many-contig	fm-huff	max_matches=0	100	NA	NA	NA	NA	NA	NA	NA	NA	NA	NA	NA	not_supported
quick/right-maximal	quick	synthetic-right-maximal-quick-many-contig	fm-huff	max_matches=0	20	NA	NA	NA	NA	NA	NA	NA	NA	NA	NA	NA	not_supported
quick/right-maximal	quick	synthetic-right-maximal-quick-many-contig	fm-huff	max_matches=0	50	NA	NA	NA	NA	NA	NA	NA	NA	NA	NA	NA	not_supported
quick/right-maximal	quick	synthetic-right-maximal-quick-many-contig	fm-huff	max_matches=1000	100	NA	NA	NA	NA	NA	NA	NA	NA	NA	NA	NA	not_supported
quick/right-maximal	quick	synthetic-right-maximal-quick-many-contig	fm-huff	max_matches=1000	20	NA	NA	NA	NA	NA	NA	NA	NA	NA	NA	NA	not_supported
quick/right-maximal	quick	synthetic-right-maximal-quick-many-contig	fm-huff	max_matches=1000	50	NA	NA	NA	NA	NA	NA	NA	NA	NA	NA	NA	not_supported
quick/right-maximal	quick	synthetic-right-maximal-quick-many-contig	fm-huff	streaming	100	NA	NA	NA	NA	NA	NA	NA	NA	NA	NA	NA	not_supported
quick/right-maximal	quick	synthetic-right-maximal-quick-many-contig	fm-huff	streaming	20	NA	NA	NA	NA	NA	NA	NA	NA	NA	NA	NA	not_supported
quick/right-maximal	quick	synthetic-right-maximal-quick-many-contig	fm-huff	streaming	50	NA	NA	NA	NA	NA	NA	NA	NA	NA	NA	NA	not_supported
quick/right-maximal	quick	synthetic-right-maximal-quick-many-contig	fm-huff	vector	100	NA	NA	NA	NA	NA	NA	NA	NA	NA	NA	NA	not_supported
quick/right-maximal	quick	synthetic-right-maximal-quick-many-contig	fm-huff	vector	20	NA	NA	NA	NA	NA	NA	NA	NA	NA	NA	NA	not_supported
quick/right-maximal	quick	synthetic-right-maximal-quick-many-contig	fm-huff	vector	50	NA	NA	NA	NA	NA	NA	NA	NA	NA	NA	NA	not_supported
quick/right-maximal	quick	synthetic-right-maximal-quick-many-contig	right-maximal-baseline	max_matches=0	100	0.308107	0.299549	0.310394	256000	830880.181236	5407.212429	1666	0	d39ab12391bab1f7	0	5	ok
quick/right-maximal	quick	synthetic-right-maximal-quick-many-contig	right-maximal-baseline	max_matches=0	20	0.330281	0.310003	0.33441	256000	775097.568434	5044.189645	1666	0	d39ab12391bab1f7	0	5	ok
quick/right-maximal	quick	synthetic-right-maximal-quick-many-contig	right-maximal-baseline	max_matches=0	50	0.296579	0.293361	0.297809	256000	863176.421797	5617.390307	1666	0	d39ab12391bab1f7	0	5	ok
quick/right-maximal	quick	synthetic-right-maximal-quick-many-contig	right-maximal-baseline	max_matches=1000	100	0.232527	0.228161	0.273101	256000	1100947.416859	7164.759361	1666	1666	d39ab12391bab1f7	546e3ada0a45172a	5	ok
quick/right-maximal	quick	synthetic-right-maximal-quick-many-contig	right-maximal-baseline	max_matches=1000	20	0.314046	0.309293	0.334866	256000	815167.204804	5304.955325	1666	1666	d39ab12391bab1f7	546e3ada0a45172a	5	ok
quick/right-maximal	quick	synthetic-right-maximal-quick-many-contig	right-maximal-baseline	max_matches=1000	50	0.385113	0.274045	1.006582	256000	664739.95944	4326.003017	1666	1666	d39ab12391bab1f7	546e3ada0a45172a	5	ok
quick/right-maximal	quick	synthetic-right-maximal-quick-many-contig	right-maximal-baseline	streaming	100	0.757748	0.753308	0.815117	256000	337843.187973	2198.620122	1666	1666	d39ab12391bab1f7	546e3ada0a45172a	5	ok
quick/right-maximal	quick	synthetic-right-maximal-quick-many-contig	right-maximal-baseline	streaming	20	0.312659	0.311362	0.318738	256000	818783.403005	5328.488865	1666	1666	d39ab12391bab1f7	546e3ada0a45172a	5	ok
quick/right-maximal	quick	synthetic-right-maximal-quick-many-contig	right-maximal-baseline	streaming	50	0.295285	0.289364	0.304684	256000	866959.039572	5642.006875	1666	1666	d39ab12391bab1f7	546e3ada0a45172a	5	ok
quick/right-maximal	quick	synthetic-right-maximal-quick-many-contig	right-maximal-baseline	vector	100	0.596689	0.330395	0.716189	256000	429034.220507	2792.074263	1666	1666	d39ab12391bab1f7	546e3ada0a45172a	5	ok
quick/right-maximal	quick	synthetic-right-maximal-quick-many-contig	right-maximal-baseline	vector	20	0.315776	0.309824	0.329958	256000	810701.256587	5275.891771	1666	1666	d39ab12391bab1f7	546e3ada0a45172a	5	ok
quick/right-maximal	quick	synthetic-right-maximal-quick-many-contig	right-maximal-baseline	vector	50	0.292614	0.287895	0.297082	256000	874872.699187	5693.507488	1666	1666	d39ab12391bab1f7	546e3ada0a45172a	5	ok
quick/right-maximal	quick	synthetic-right-maximal-quick-many-contig	right-maximal-child	max_matches=0	100	0.664771	0.605396	0.744623	256000	385095.017683	2506.12617	1666	0	d39ab12391bab1f7	0	5	ok
quick/right-maximal	quick	synthetic-right-maximal-quick-many-contig	right-maximal-child	max_matches=0	20	0.964315	0.922435	1.119028	256000	265473.418955	1727.651234	1666	0	d39ab12391bab1f7	0	5	ok
quick/right-maximal	quick	synthetic-right-maximal-quick-many-contig	right-maximal-child	max_matches=0	50	0.853	0.807955	0.980969	256000	300117.233294	1953.106682	1666	0	d39ab12391bab1f7	0	5	ok
quick/right-maximal	quick	synthetic-right-maximal-quick-many-contig	right-maximal-child	max_matches=1000	100	0.6406	0.617303	0.704715	256000	399625.351233	2600.686856	1666	1666	d39ab12391bab1f7	546e3ada0a45172a	5	ok
quick/right-maximal	quick	synthetic-right-maximal-quick-many-contig	right-maximal-child	max_matches=1000	20	1.578034	0.92925	2.224115	256000	162227.176347	1055.744046	1666	1666	d39ab12391bab1f7	546e3ada0a45172a	5	ok
quick/right-maximal	quick	synthetic-right-maximal-quick-many-contig	right-maximal-child	max_matches=1000	50	1.955009	0.825643	1.972015	256000	130945.688741	852.16999	1666	1666	d39ab12391bab1f7	546e3ada0a45172a	5	ok
quick/right-maximal	quick	synthetic-right-maximal-quick-many-contig	right-maximal-child	streaming	100	0.685348	0.632617	1.035085	256000	373532.862137	2430.881829	1666	1666	d39ab12391bab1f7	546e3ada0a45172a	5	ok
quick/right-maximal	quick	synthetic-right-maximal-quick-many-contig	right-maximal-child	streaming	20	0.977885	0.938824	2.13777	256000	261789.474222	1703.676813	1666	1666	d39ab12391bab1f7	546e3ada0a45172a	5	ok
quick/right-maximal	quick	synthetic-right-maximal-quick-many-contig	right-maximal-child	streaming	50	0.814051	0.795383	1.031041	256000	314476.611416	2046.554823	1666	1666	d39ab12391bab1f7	546e3ada0a45172a	5	ok
quick/right-maximal	quick	synthetic-right-maximal-quick-many-contig	right-maximal-child	vector	100	0.613435	0.597211	0.912303	256000	417322.128669	2715.854165	1666	1666	d39ab12391bab1f7	546e3ada0a45172a	5	ok
quick/right-maximal	quick	synthetic-right-maximal-quick-many-contig	right-maximal-child	vector	20	0.916192	0.898265	1.357406	256000	279417.41469	1818.396144	1666	1666	d39ab12391bab1f7	546e3ada0a45172a	5	ok
quick/right-maximal	quick	synthetic-right-maximal-quick-many-contig	right-maximal-child	vector	50	1.015571	0.782816	1.491545	256000	252074.941092	1640.456453	1666	1666	d39ab12391bab1f7	546e3ada0a45172a	5	ok
quick/right-maximal	quick	synthetic-right-maximal-quick-many-contig	right-maximal-full	max_matches=0	100	0.286957	0.280854	0.289396	256000	892119.725255	5805.7479	1666	0	d39ab12391bab1f7	0	5	ok
quick/right-maximal	quick	synthetic-right-maximal-quick-many-contig	right-maximal-full	max_matches=0	20	0.11234	0.111082	0.202673	256000	2278796.510593	14829.980417	1666	0	d39ab12391bab1f7	0	5	ok
quick/right-maximal	quick	synthetic-right-maximal-quick-many-contig	right-maximal-full	max_matches=0	50	0.184051	0.181524	0.187609	256000	1390918.821414	9051.838892	1666	0	d39ab12391bab1f7	0	5	ok
quick/right-maximal	quick	synthetic-right-maximal-quick-many-contig	right-maximal-full	max_matches=1000	100	0.312671	0.290485	0.461077	256000	818751.978917	5328.284363	1666	1666	d39ab12391bab1f7	546e3ada0a45172a	5	ok
quick/right-maximal	quick	synthetic-right-maximal-quick-many-contig	right-maximal-full	max_matches=1000	20	0.121635	0.112343	0.22803	256000	2104657.376577	13696.715584	1666	1666	d39ab12391bab1f7	546e3ada0a45172a	5	ok
quick/right-maximal	quick	synthetic-right-maximal-quick-many-contig	right-maximal-full	max_matches=1000	50	0.184619	0.174814	0.446861	256000	1386639.511643	9023.989947	1666	1666	d39ab12391bab1f7	546e3ada0a45172a	5	ok
quick/right-maximal	quick	synthetic-right-maximal-quick-many-contig	right-maximal-full	streaming	100	0.719685	0.6849	0.736047	256000	355711.179196	2314.901658	1666	1666	d39ab12391bab1f7	546e3ada0a45172a	5	ok
quick/right-maximal	quick	synthetic-right-maximal-quick-many-contig	right-maximal-full	streaming	20	0.124332	0.111927	0.143227	256000	2059003.313708	13399.607502	1666	1666	d39ab12391bab1f7	546e3ada0a45172a	5	ok
quick/right-maximal	quick	synthetic-right-maximal-quick-many-contig	right-maximal-full	streaming	50	0.20509	0.191281	0.318861	256000	1248232.4833	8123.262958	1666	1666	d39ab12391bab1f7	546e3ada0a45172a	5	ok
quick/right-maximal	quick	synthetic-right-maximal-quick-many-contig	right-maximal-full	vector	100	0.303329	0.295741	0.400534	256000	843968.100643	5492.386155	1666	1666	d39ab12391bab1f7	546e3ada0a45172a	5	ok
quick/right-maximal	quick	synthetic-right-maximal-quick-many-contig	right-maximal-full	vector	20	0.11353	0.110879	0.114159	256000	2254910.596318	14674.535365	1666	1666	d39ab12391bab1f7	546e3ada0a45172a	5	ok
quick/right-maximal	quick	synthetic-right-maximal-quick-many-contig	right-maximal-full	vector	50	0.180557	0.178083	0.186698	256000	1417834.811168	9227.003107	1666	1666	d39ab12391bab1f7	546e3ada0a45172a	5	ok
quick/right-maximal	quick	synthetic-right-maximal-quick-many-contig	right-maximal-lcp	max_matches=0	100	0.263589	0.228697	0.281202	256000	971208.965473	6320.445846	1666	0	d39ab12391bab1f7	0	5	ok
quick/right-maximal	quick	synthetic-right-maximal-quick-many-contig	right-maximal-lcp	max_matches=0	20	0.335502	0.318744	0.343761	256000	763035.689802	4965.6932	1666	0	d39ab12391bab1f7	0	5	ok
quick/right-maximal	quick	synthetic-right-maximal-quick-many-contig	right-maximal-lcp	max_matches=0	50	0.286959	0.285911	0.287728	256000	892113.507505	5805.707436	1666	0	d39ab12391bab1f7	0	5	ok
quick/right-maximal	quick	synthetic-right-maximal-quick-many-contig	right-maximal-lcp	max_matches=1000	100	0.233439	0.232291	0.251326	256000	1096646.233063	7136.768064	1666	1666	d39ab12391bab1f7	546e3ada0a45172a	5	ok
quick/right-maximal	quick	synthetic-right-maximal-quick-many-contig	right-maximal-lcp	max_matches=1000	20	0.322947	0.304201	1.129617	256000	792699.730916	5158.741218	1666	1666	d39ab12391bab1f7	546e3ada0a45172a	5	ok
quick/right-maximal	quick	synthetic-right-maximal-quick-many-contig	right-maximal-lcp	max_matches=1000	50	0.288052	0.28593	0.295841	256000	888728.424035	5783.677947	1666	1666	d39ab12391bab1f7	546e3ada0a45172a	5	ok
quick/right-maximal	quick	synthetic-right-maximal-quick-many-contig	right-maximal-lcp	streaming	100	0.398786	0.226327	0.497334	256000	641948.31313	4177.679257	1666	1666	d39ab12391bab1f7	546e3ada0a45172a	5	ok
quick/right-maximal	quick	synthetic-right-maximal-quick-many-contig	right-maximal-lcp	streaming	20	0.380923	0.358111	0.473361	256000	672051.831998	4373.587313	1666	1666	d39ab12391bab1f7	546e3ada0a45172a	5	ok
quick/right-maximal	quick	synthetic-right-maximal-quick-many-contig	right-maximal-lcp	streaming	50	0.970248	0.841604	1.01879	256000	263850.067199	1717.086765	1666	1666	d39ab12391bab1f7	546e3ada0a45172a	5	ok
quick/right-maximal	quick	synthetic-right-maximal-quick-many-contig	right-maximal-lcp	vector	100	0.272019	0.264646	0.366681	256000	941110.731236	6124.572181	1666	1666	d39ab12391bab1f7	546e3ada0a45172a	5	ok
quick/right-maximal	quick	synthetic-right-maximal-quick-many-contig	right-maximal-lcp	vector	20	0.324605	0.308357	0.344851	256000	788650.821768	5132.391676	1666	1666	d39ab12391bab1f7	546e3ada0a45172a	5	ok
quick/right-maximal	quick	synthetic-right-maximal-quick-many-contig	right-maximal-lcp	vector	50	0.381057	0.298278	0.6781	256000	671815.502668	4372.049326	1666	1666	d39ab12391bab1f7	546e3ada0a45172a	5	ok
quick/right-maximal	quick	synthetic-right-maximal-quick-many-contig	right-maximal-sampled-k4	max_matches=0	100	0.123986	0.123021	0.127368	256000	2064749.245883	13437.000952	1666	0	d39ab12391bab1f7	0	5	ok
quick/right-maximal	quick	synthetic-right-maximal-quick-many-contig	right-maximal-sampled-k4	max_matches=0	20	0.171004	0.168702	0.172398	256000	1497041.004889	9742.462165	1666	0	d39ab12391bab1f7	0	5	ok
quick/right-maximal	quick	synthetic-right-maximal-quick-many-contig	right-maximal-sampled-k4	max_matches=0	50	0.262384	0.248681	0.3454	256000	975669.248125	6349.472529	1666	0	d39ab12391bab1f7	0	5	ok
quick/right-maximal	quick	synthetic-right-maximal-quick-many-contig	right-maximal-sampled-k4	max_matches=1000	100	0.127531	0.123018	0.129846	256000	2007355.074452	13063.490445	1666	1666	d39ab12391bab1f7	546e3ada0a45172a	5	ok
quick/right-maximal	quick	synthetic-right-maximal-quick-many-contig	right-maximal-sampled-k4	max_matches=1000	20	0.163805	0.161608	0.171984	256000	1562833.85733	10170.629712	1666	1666	d39ab12391bab1f7	546e3ada0a45172a	5	ok
quick/right-maximal	quick	synthetic-right-maximal-quick-many-contig	right-maximal-sampled-k4	max_matches=1000	50	0.404898	0.303233	0.449823	256000	632258.00078	4114.616521	1666	1666	d39ab12391bab1f7	546e3ada0a45172a	5	ok
quick/right-maximal	quick	synthetic-right-maximal-quick-many-contig	right-maximal-sampled-k4	streaming	100	0.264019	0.156556	0.277053	256000	969627.185922	6310.151921	1666	1666	d39ab12391bab1f7	546e3ada0a45172a	5	ok
quick/right-maximal	quick	synthetic-right-maximal-quick-many-contig	right-maximal-sampled-k4	streaming	20	0.168439	0.164163	0.170007	256000	1519838.042259	9890.821009	1666	1666	d39ab12391bab1f7	546e3ada0a45172a	5	ok
quick/right-maximal	quick	synthetic-right-maximal-quick-many-contig	right-maximal-sampled-k4	streaming	50	0.152333	0.146929	0.153984	256000	1680528.84142	10936.566601	1666	1666	d39ab12391bab1f7	546e3ada0a45172a	5	ok
quick/right-maximal	quick	synthetic-right-maximal-quick-many-contig	right-maximal-sampled-k4	vector	100	0.191536	0.159767	0.197351	256000	1336563.361457	8698.103751	1666	1666	d39ab12391bab1f7	546e3ada0a45172a	5	ok
quick/right-maximal	quick	synthetic-right-maximal-quick-many-contig	right-maximal-sampled-k4	vector	20	0.168729	0.161921	0.171786	256000	1517225.847365	9873.821335	1666	1666	d39ab12391bab1f7	546e3ada0a45172a	5	ok
quick/right-maximal	quick	synthetic-right-maximal-quick-many-contig	right-maximal-sampled-k4	vector	50	0.194137	0.147248	0.406899	256000	1318656.412739	8581.568686	1666	1666	d39ab12391bab1f7	546e3ada0a45172a	5	ok
quick/right-maximal	quick	synthetic-right-maximal-quick-many-contig	right-maximal-sampled-k8	max_matches=0	100	0.120738	0.120395	0.120827	256000	2120293.528135	13798.472726	1666	0	d39ab12391bab1f7	0	5	ok
quick/right-maximal	quick	synthetic-right-maximal-quick-many-contig	right-maximal-sampled-k8	max_matches=0	20	0.191051	0.190804	0.217793	256000	1339956.346735	8720.184663	1666	0	d39ab12391bab1f7	0	5	ok
quick/right-maximal	quick	synthetic-right-maximal-quick-many-contig	right-maximal-sampled-k8	max_matches=0	50	0.152591	0.152249	0.231375	256000	1677687.412757	10918.075116	1666	0	d39ab12391bab1f7	0	5	ok
quick/right-maximal	quick	synthetic-right-maximal-quick-many-contig	right-maximal-sampled-k8	max_matches=1000	100	0.120822	0.12023	0.121147	256000	2118819.420304	13788.879509	1666	1666	d39ab12391bab1f7	546e3ada0a45172a	5	ok
quick/right-maximal	quick	synthetic-right-maximal-quick-many-contig	right-maximal-sampled-k8	max_matches=1000	20	0.193551	0.192895	0.236912	256000	1322648.810908	8607.550465	1666	1666	d39ab12391bab1f7	546e3ada0a45172a	5	ok
quick/right-maximal	quick	synthetic-right-maximal-quick-many-contig	right-maximal-sampled-k8	max_matches=1000	50	0.149905	0.149324	0.150743	256000	1707748.240552	11113.705347	1666	1666	d39ab12391bab1f7	546e3ada0a45172a	5	ok
quick/right-maximal	quick	synthetic-right-maximal-quick-many-contig	right-maximal-sampled-k8	streaming	100	0.119476	0.119185	0.119752	256000	2142689.745221	13944.223108	1666	1666	d39ab12391bab1f7	546e3ada0a45172a	5	ok
quick/right-maximal	quick	synthetic-right-maximal-quick-many-contig	right-maximal-sampled-k8	streaming	20	0.190885	0.190327	0.192678	256000	1341121.617728	8727.768028	1666	1666	d39ab12391bab1f7	546e3ada0a45172a	5	ok
quick/right-maximal	quick	synthetic-right-maximal-quick-many-contig	right-maximal-sampled-k8	streaming	50	0.151544	0.150757	0.156133	256000	1689278.3614	10993.506836	1666	1666	d39ab12391bab1f7	546e3ada0a45172a	5	ok
quick/right-maximal	quick	synthetic-right-maximal-quick-many-contig	right-maximal-sampled-k8	vector	100	0.120438	0.119558	0.120698	256000	2125574.984639	13832.843455	1666	1666	d39ab12391bab1f7	546e3ada0a45172a	5	ok
quick/right-maximal	quick	synthetic-right-maximal-quick-many-contig	right-maximal-sampled-k8	vector	20	0.192131	0.191369	0.312853	256000	1332424.231384	8671.167068	1666	1666	d39ab12391bab1f7	546e3ada0a45172a	5	ok
quick/right-maximal	quick	synthetic-right-maximal-quick-many-contig	right-maximal-sampled-k8	vector	50	0.152888	0.152006	0.209504	256000	1674428.3397	10896.865679	1666	1666	d39ab12391bab1f7	546e3ada0a45172a	5	ok
quick/right-maximal	quick	synthetic-right-maximal-quick-many-contig	right-maximal-suffix-link	max_matches=0	100	0.123491	0.120255	0.124862	256000	2073025.564616	13490.861682	1666	0	d39ab12391bab1f7	0	5	ok
quick/right-maximal	quick	synthetic-right-maximal-quick-many-contig	right-maximal-suffix-link	max_matches=0	20	0.081581	0.078337	0.082247	256000	3137985.560363	20421.421655	1666	0	d39ab12391bab1f7	0	5	ok
quick/right-maximal	quick	synthetic-right-maximal-quick-many-contig	right-maximal-suffix-link	max_matches=0	50	0.099706	0.093338	0.205913	256000	2567548.592863	16709.124827	1666	0	d39ab12391bab1f7	0	5	ok
quick/right-maximal	quick	synthetic-right-maximal-quick-many-contig	right-maximal-suffix-link	max_matches=1000	100	0.118411	0.114825	0.124625	256000	2161961.304271	14069.6388	1666	1666	d39ab12391bab1f7	546e3ada0a45172a	5	ok
quick/right-maximal	quick	synthetic-right-maximal-quick-many-contig	right-maximal-suffix-link	max_matches=1000	20	0.071384	0.070804	0.079055	256000	3586237.812395	23338.563263	1666	1666	d39ab12391bab1f7	546e3ada0a45172a	5	ok
quick/right-maximal	quick	synthetic-right-maximal-quick-many-contig	right-maximal-suffix-link	max_matches=1000	50	0.102591	0.099213	0.20788	256000	2495345.595618	16239.241259	1666	1666	d39ab12391bab1f7	546e3ada0a45172a	5	ok
quick/right-maximal	quick	synthetic-right-maximal-quick-many-contig	right-maximal-suffix-link	streaming	100	0.193151	0.117041	0.228159	256000	1325387.908942	8625.376001	1666	1666	d39ab12391bab1f7	546e3ada0a45172a	5	ok
quick/right-maximal	quick	synthetic-right-maximal-quick-many-contig	right-maximal-suffix-link	streaming	20	0.149171	0.108033	0.165163	256000	1716151.262645	11168.390639	1666	1666	d39ab12391bab1f7	546e3ada0a45172a	5	ok
quick/right-maximal	quick	synthetic-right-maximal-quick-many-contig	right-maximal-suffix-link	streaming	50	0.08806	0.087998	0.088396	256000	2907108.789462	18918.918919	1666	1666	d39ab12391bab1f7	546e3ada0a45172a	5	ok
quick/right-maximal	quick	synthetic-right-maximal-quick-many-contig	right-maximal-suffix-link	vector	100	0.11643	0.115754	0.130206	256000	2198746.027656	14309.026883	1666	1666	d39ab12391bab1f7	546e3ada0a45172a	5	ok
quick/right-maximal	quick	synthetic-right-maximal-quick-many-contig	right-maximal-suffix-link	vector	20	0.092138	0.091132	0.095704	256000	2778441.034101	18081.573292	1666	1666	d39ab12391bab1f7	546e3ada0a45172a	5	ok
quick/right-maximal	quick	synthetic-right-maximal-quick-many-contig	right-maximal-suffix-link	vector	50	0.08802	0.086703	0.18499	256000	2908429.902295	18927.516474	1666	1666	d39ab12391bab1f7	546e3ada0a45172a	5	ok
quick/right-maximal	quick	synthetic-right-maximal-quick-many-contig	right-maximal-suffix-link-binary	max_matches=0	100	0.135308	0.128056	0.137306	256000	1891979.779466	12312.649659	1666	0	d39ab12391bab1f7	0	5	ok
quick/right-maximal	quick	synthetic-right-maximal-quick-many-contig	right-maximal-suffix-link-binary	max_matches=0	20	0.074914	0.070858	0.075306	256000	3417251.782043	22238.833863	1666	0	d39ab12391bab1f7	0	5	ok
quick/right-maximal	quick	synthetic-right-maximal-quick-many-contig	right-maximal-suffix-link-binary	max_matches=0	50	0.258041	0.248905	0.272616	256000	992090.404238	6456.338334	1666	0	d39ab12391bab1f7	0	5	ok
quick/right-maximal	quick	synthetic-right-maximal-quick-many-contig	right-maximal-suffix-link-binary	max_matches=1000	100	0.13116	0.116674	0.265633	256000	1951814.577615	12702.043306	1666	1666	d39ab12391bab1f7	546e3ada0a45172a	5	ok
quick/right-maximal	quick	synthetic-right-maximal-quick-many-contig	right-maximal-suffix-link-binary	max_matches=1000	20	0.070916	0.070175	0.071329	256000	3609904.675955	23492.582774	1666	1666	d39ab12391bab1f7	546e3ada0a45172a	5	ok
quick/right-maximal	quick	synthetic-right-maximal-quick-many-contig	right-maximal-suffix-link-binary	max_matches=1000	50	0.246913	0.163456	0.256127	256000	1036802.436486	6747.315856	1666	1666	d39ab12391bab1f7	546e3ada0a45172a	5	ok
quick/right-maximal	quick	synthetic-right-maximal-quick-many-contig	right-maximal-suffix-link-binary	streaming	100	0.160761	0.139414	0.200817	256000	1592426.023725	10363.209983	1666	1666	d39ab12391bab1f7	546e3ada0a45172a	5	ok
quick/right-maximal	quick	synthetic-right-maximal-quick-many-contig	right-maximal-suffix-link-binary	streaming	20	0.07524	0.071536	0.07559	256000	3402445.507709	22142.477406	1666	1666	d39ab12391bab1f7	546e3ada0a45172a	5	ok
quick/right-maximal	quick	synthetic-right-maximal-quick-many-contig	right-maximal-suffix-link-binary	streaming	50	0.091654	0.089806	0.11247	256000	2793113.230192	18177.057193	1666	1666	d39ab12391bab1f7	546e3ada0a45172a	5	ok
quick/right-maximal	quick	synthetic-right-maximal-quick-many-contig	right-maximal-suffix-link-binary	vector	100	0.144335	0.130688	0.145734	256000	1773651.574462	11542.591887	1666	1666	d39ab12391bab1f7	546e3ada0a45172a	5	ok
quick/right-maximal	quick	synthetic-right-maximal-quick-many-contig	right-maximal-suffix-link-binary	vector	20	0.075159	0.071247	0.075347	256000	3406112.375098	22166.340691	1666	1666	d39ab12391bab1f7	546e3ada0a45172a	5	ok
quick/right-maximal	quick	synthetic-right-maximal-quick-many-contig	right-maximal-suffix-link-binary	vector	50	0.233258	0.220957	0.24775	256000	1097497.191951	7142.305944	1666	1666	d39ab12391bab1f7	546e3ada0a45172a	5	ok
quick/right-maximal	quick	synthetic-right-maximal-quick-many-contig	right-maximal-suffix-link-sapling	max_matches=0	100	0.057104	0.057018	0.057885	256000	4483048.472962	29174.83889	1666	0	d39ab12391bab1f7	0	5	ok
quick/right-maximal	quick	synthetic-right-maximal-quick-many-contig	right-maximal-suffix-link-sapling	max_matches=0	20	0.058516	0.055933	0.058925	256000	4374871.829927	28470.845581	1666	0	d39ab12391bab1f7	0	5	ok
quick/right-maximal	quick	synthetic-right-maximal-quick-many-contig	right-maximal-suffix-link-sapling	max_matches=0	50	0.058512	0.057141	0.059941	256000	4375170.905113	28472.791906	1666	0	d39ab12391bab1f7	0	5	ok
quick/right-maximal	quick	synthetic-right-maximal-quick-many-contig	right-maximal-suffix-link-sapling	max_matches=1000	100	0.125029	0.057808	0.157327	256000	2047524.974206	13324.908621	1666	1666	d39ab12391bab1f7	546e3ada0a45172a	5	ok
quick/right-maximal	quick	synthetic-right-maximal-quick-many-contig	right-maximal-suffix-link-sapling	max_matches=1000	20	0.058825	0.057777	0.059171	256000	4351891.20272	28321.291968	1666	1666	d39ab12391bab1f7	546e3ada0a45172a	5	ok
quick/right-maximal	quick	synthetic-right-maximal-quick-many-contig	right-maximal-suffix-link-sapling	max_matches=1000	50	0.05848	0.058269	0.059564	256000	4377564.97948	28488.372093	1666	1666	d39ab12391bab1f7	546e3ada0a45172a	5	ok
quick/right-maximal	quick	synthetic-right-maximal-quick-many-contig	right-maximal-suffix-link-sapling	streaming	100	0.058663	0.058403	0.059544	256000	4363909.107956	28399.502242	1666	1666	d39ab12391bab1f7	546e3ada0a45172a	5	ok
quick/right-maximal	quick	synthetic-right-maximal-quick-many-contig	right-maximal-suffix-link-sapling	streaming	20	0.055589	0.055453	0.058648	256000	4605227.652953	29969.958085	1666	1666	d39ab12391bab1f7	546e3ada0a45172a	5	ok
quick/right-maximal	quick	synthetic-right-maximal-quick-many-contig	right-maximal-suffix-link-sapling	streaming	50	0.058572	0.056726	0.058726	256000	4370689.066448	28443.62494	1666	1666	d39ab12391bab1f7	546e3ada0a45172a	5	ok
quick/right-maximal	quick	synthetic-right-maximal-quick-many-contig	right-maximal-suffix-link-sapling	vector	100	0.058842	0.05698	0.059663	256000	4350633.900955	28313.109684	1666	1666	d39ab12391bab1f7	546e3ada0a45172a	5	ok
quick/right-maximal	quick	synthetic-right-maximal-quick-many-contig	right-maximal-suffix-link-sapling	vector	20	0.059047	0.058555	0.06015	256000	4335529.324098	28214.811929	1666	1666	d39ab12391bab1f7	546e3ada0a45172a	5	ok
quick/right-maximal	quick	synthetic-right-maximal-quick-many-contig	right-maximal-suffix-link-sapling	vector	50	0.058808	0.05833	0.058995	256000	4353149.231397	28329.478982	1666	1666	d39ab12391bab1f7	546e3ada0a45172a	5	ok
quick/right-maximal	quick	synthetic-right-maximal-quick-mixed	fm-balanced	max_matches=0	100	NA	NA	NA	NA	NA	NA	NA	NA	NA	NA	NA	not_supported
quick/right-maximal	quick	synthetic-right-maximal-quick-mixed	fm-balanced	max_matches=0	20	NA	NA	NA	NA	NA	NA	NA	NA	NA	NA	NA	not_supported
quick/right-maximal	quick	synthetic-right-maximal-quick-mixed	fm-balanced	max_matches=0	50	NA	NA	NA	NA	NA	NA	NA	NA	NA	NA	NA	not_supported
quick/right-maximal	quick	synthetic-right-maximal-quick-mixed	fm-balanced	max_matches=1000	100	NA	NA	NA	NA	NA	NA	NA	NA	NA	NA	NA	not_supported
quick/right-maximal	quick	synthetic-right-maximal-quick-mixed	fm-balanced	max_matches=1000	20	NA	NA	NA	NA	NA	NA	NA	NA	NA	NA	NA	not_supported
quick/right-maximal	quick	synthetic-right-maximal-quick-mixed	fm-balanced	max_matches=1000	50	NA	NA	NA	NA	NA	NA	NA	NA	NA	NA	NA	not_supported
quick/right-maximal	quick	synthetic-right-maximal-quick-mixed	fm-balanced	streaming	100	NA	NA	NA	NA	NA	NA	NA	NA	NA	NA	NA	not_supported
quick/right-maximal	quick	synthetic-right-maximal-quick-mixed	fm-balanced	streaming	20	NA	NA	NA	NA	NA	NA	NA	NA	NA	NA	NA	not_supported
quick/right-maximal	quick	synthetic-right-maximal-quick-mixed	fm-balanced	streaming	50	NA	NA	NA	NA	NA	NA	NA	NA	NA	NA	NA	not_supported
quick/right-maximal	quick	synthetic-right-maximal-quick-mixed	fm-balanced	vector	100	NA	NA	NA	NA	NA	NA	NA	NA	NA	NA	NA	not_supported
quick/right-maximal	quick	synthetic-right-maximal-quick-mixed	fm-balanced	vector	20	NA	NA	NA	NA	NA	NA	NA	NA	NA	NA	NA	not_supported
quick/right-maximal	quick	synthetic-right-maximal-quick-mixed	fm-balanced	vector	50	NA	NA	NA	NA	NA	NA	NA	NA	NA	NA	NA	not_supported
quick/right-maximal	quick	synthetic-right-maximal-quick-mixed	fm-epr	max_matches=0	100	NA	NA	NA	NA	NA	NA	NA	NA	NA	NA	NA	not_supported
quick/right-maximal	quick	synthetic-right-maximal-quick-mixed	fm-epr	max_matches=0	20	NA	NA	NA	NA	NA	NA	NA	NA	NA	NA	NA	not_supported
quick/right-maximal	quick	synthetic-right-maximal-quick-mixed	fm-epr	max_matches=0	50	NA	NA	NA	NA	NA	NA	NA	NA	NA	NA	NA	not_supported
quick/right-maximal	quick	synthetic-right-maximal-quick-mixed	fm-epr	max_matches=1000	100	NA	NA	NA	NA	NA	NA	NA	NA	NA	NA	NA	not_supported
quick/right-maximal	quick	synthetic-right-maximal-quick-mixed	fm-epr	max_matches=1000	20	NA	NA	NA	NA	NA	NA	NA	NA	NA	NA	NA	not_supported
quick/right-maximal	quick	synthetic-right-maximal-quick-mixed	fm-epr	max_matches=1000	50	NA	NA	NA	NA	NA	NA	NA	NA	NA	NA	NA	not_supported
quick/right-maximal	quick	synthetic-right-maximal-quick-mixed	fm-epr	streaming	100	NA	NA	NA	NA	NA	NA	NA	NA	NA	NA	NA	not_supported
quick/right-maximal	quick	synthetic-right-maximal-quick-mixed	fm-epr	streaming	20	NA	NA	NA	NA	NA	NA	NA	NA	NA	NA	NA	not_supported
quick/right-maximal	quick	synthetic-right-maximal-quick-mixed	fm-epr	streaming	50	NA	NA	NA	NA	NA	NA	NA	NA	NA	NA	NA	not_supported
quick/right-maximal	quick	synthetic-right-maximal-quick-mixed	fm-epr	vector	100	NA	NA	NA	NA	NA	NA	NA	NA	NA	NA	NA	not_supported
quick/right-maximal	quick	synthetic-right-maximal-quick-mixed	fm-epr	vector	20	NA	NA	NA	NA	NA	NA	NA	NA	NA	NA	NA	not_supported
quick/right-maximal	quick	synthetic-right-maximal-quick-mixed	fm-epr	vector	50	NA	NA	NA	NA	NA	NA	NA	NA	NA	NA	NA	not_supported
quick/right-maximal	quick	synthetic-right-maximal-quick-mixed	fm-huff	max_matches=0	100	NA	NA	NA	NA	NA	NA	NA	NA	NA	NA	NA	not_supported
quick/right-maximal	quick	synthetic-right-maximal-quick-mixed	fm-huff	max_matches=0	20	NA	NA	NA	NA	NA	NA	NA	NA	NA	NA	NA	not_supported
quick/right-maximal	quick	synthetic-right-maximal-quick-mixed	fm-huff	max_matches=0	50	NA	NA	NA	NA	NA	NA	NA	NA	NA	NA	NA	not_supported
quick/right-maximal	quick	synthetic-right-maximal-quick-mixed	fm-huff	max_matches=1000	100	NA	NA	NA	NA	NA	NA	NA	NA	NA	NA	NA	not_supported
quick/right-maximal	quick	synthetic-right-maximal-quick-mixed	fm-huff	max_matches=1000	20	NA	NA	NA	NA	NA	NA	NA	NA	NA	NA	NA	not_supported
quick/right-maximal	quick	synthetic-right-maximal-quick-mixed	fm-huff	max_matches=1000	50	NA	NA	NA	NA	NA	NA	NA	NA	NA	NA	NA	not_supported
quick/right-maximal	quick	synthetic-right-maximal-quick-mixed	fm-huff	streaming	100	NA	NA	NA	NA	NA	NA	NA	NA	NA	NA	NA	not_supported
quick/right-maximal	quick	synthetic-right-maximal-quick-mixed	fm-huff	streaming	20	NA	NA	NA	NA	NA	NA	NA	NA	NA	NA	NA	not_supported
quick/right-maximal	quick	synthetic-right-maximal-quick-mixed	fm-huff	streaming	50	NA	NA	NA	NA	NA	NA	NA	NA	NA	NA	NA	not_supported
quick/right-maximal	quick	synthetic-right-maximal-quick-mixed	fm-huff	vector	100	NA	NA	NA	NA	NA	NA	NA	NA	NA	NA	NA	not_supported
quick/right-maximal	quick	synthetic-right-maximal-quick-mixed	fm-huff	vector	20	NA	NA	NA	NA	NA	NA	NA	NA	NA	NA	NA	not_supported
quick/right-maximal	quick	synthetic-right-maximal-quick-mixed	fm-huff	vector	50	NA	NA	NA	NA	NA	NA	NA	NA	NA	NA	NA	not_supported
quick/right-maximal	quick	synthetic-right-maximal-quick-mixed	right-maximal-baseline	max_matches=0	100	0.215548	0.212018	0.216481	256000	1187670.495667	7910.071075	1705	0	2b6d3980ed0b135e	0	5	ok
quick/right-maximal	quick	synthetic-right-maximal-quick-mixed	right-maximal-baseline	max_matches=0	20	0.638678	0.289438	0.745629	256000	400827.960255	2683.668453	1714	0	9cd8f6f473ce0ff9	0	5	ok
quick/right-maximal	quick	synthetic-right-maximal-quick-mixed	right-maximal-baseline	max_matches=0	50	0.26678	0.266114	0.274215	256000	959592.173326	6391.033811	1705	0	2b6d3980ed0b135e	0	5	ok
quick/right-maximal	quick	synthetic-right-maximal-quick-mixed	right-maximal-baseline	max_matches=1000	100	0.2673	0.216135	0.4608	256000	957725.40217	6378.600823	1705	1705	2b6d3980ed0b135e	80b0b73000a21e72	5	ok
quick/right-maximal	quick	synthetic-right-maximal-quick-mixed	right-maximal-baseline	max_matches=1000	20	0.403762	0.385274	0.440387	256000	634036.883114	4245.075069	1714	1714	9cd8f6f473ce0ff9	6e1761e69d38b4c0	5	ok
quick/right-maximal	quick	synthetic-right-maximal-quick-mixed	right-maximal-baseline	max_matches=1000	50	0.323062	0.274642	0.334806	256000	792417.554525	5277.624728	1705	1705	2b6d3980ed0b135e	80b0b73000a21e72	5	ok
quick/right-maximal	quick	synthetic-right-maximal-quick-mixed	right-maximal-baseline	streaming	100	0.247588	0.246925	0.256697	256000	1033975.798504	6886.440377	1705	1705	2b6d3980ed0b135e	80b0b73000a21e72	5	ok
quick/right-maximal	quick	synthetic-right-maximal-quick-mixed	right-maximal-baseline	streaming	20	0.291021	0.289917	0.293976	256000	879661.605176	5889.609341	1714	1714	9cd8f6f473ce0ff9	6e1761e69d38b4c0	5	ok
quick/right-maximal	quick	synthetic-right-maximal-quick-mixed	right-maximal-baseline	streaming	50	0.351416	0.344596	0.532815	256000	728481.344048	4851.799577	1705	1705	2b6d3980ed0b135e	80b0b73000a21e72	5	ok
quick/right-maximal	quick	synthetic-right-maximal-quick-mixed	right-maximal-baseline	vector	100	0.215474	0.214237	0.253184	256000	1188078.376045	7912.787622	1705	1705	2b6d3980ed0b135e	80b0b73000a21e72	5	ok
quick/right-maximal	quick	synthetic-right-maximal-quick-mixed	right-maximal-baseline	vector	20	0.292624	0.290243	0.918584	256000	874842.801684	5857.345946	1714	1714	9cd8f6f473ce0ff9	6e1761e69d38b4c0	5	ok
quick/right-maximal	quick	synthetic-right-maximal-quick-mixed	right-maximal-baseline	vector	50	0.328072	0.267441	0.455167	256000	780316.515887	5197.02992	1705	1705	2b6d3980ed0b135e	80b0b73000a21e72	5	ok
quick/right-maximal	quick	synthetic-right-maximal-quick-mixed	right-maximal-child	max_matches=0	100	1.39701	0.621376	1.475663	256000	183248.509316	1220.463705	1705	0	2b6d3980ed0b135e	0	5	ok
quick/right-maximal	quick	synthetic-right-maximal-quick-mixed	right-maximal-child	max_matches=0	20	1.195315	1.061111	1.635517	256000	214169.486704	1433.931641	1714	0	9cd8f6f473ce0ff9	0	5	ok
quick/right-maximal	quick	synthetic-right-maximal-quick-mixed	right-maximal-child	max_matches=0	50	0.816494	0.797746	1.07023	256000	313535.678156	2088.196606	1705	0	2b6d3980ed0b135e	0	5	ok
quick/right-maximal	quick	synthetic-right-maximal-quick-mixed	right-maximal-child	max_matches=1000	100	0.754268	0.62314	1.311213	256000	339401.910196	2260.469753	1705	1705	2b6d3980ed0b135e	80b0b73000a21e72	5	ok
quick/right-maximal	quick	synthetic-right-maximal-quick-mixed	right-maximal-child	max_matches=1000	20	0.971861	0.913821	1.007893	256000	263412.154619	1763.626691	1714	1714	9cd8f6f473ce0ff9	6e1761e69d38b4c0	5	ok
quick/right-maximal	quick	synthetic-right-maximal-quick-mixed	right-maximal-child	max_matches=1000	50	1.023051	0.91578	1.359643	256000	250231.904372	1666.583582	1705	1705	2b6d3980ed0b135e	80b0b73000a21e72	5	ok
quick/right-maximal	quick	synthetic-right-maximal-quick-mixed	right-maximal-child	streaming	100	0.612872	0.598636	0.753237	256000	417705.491522	2781.98384	1705	1705	2b6d3980ed0b135e	80b0b73000a21e72	5	ok
quick/right-maximal	quick	synthetic-right-maximal-quick-mixed	right-maximal-child	streaming	20	1.639713	0.981297	1.954015	256000	156124.88283	1045.30488	1714	1714	9cd8f6f473ce0ff9	6e1761e69d38b4c0	5	ok
quick/right-maximal	quick	synthetic-right-maximal-quick-mixed	right-maximal-child	streaming	50	0.81932	0.802193	1.774558	256000	312454.230337	2080.993995	1705	1705	2b6d3980ed0b135e	80b0b73000a21e72	5	ok
quick/right-maximal	quick	synthetic-right-maximal-quick-mixed	right-maximal-child	vector	100	0.639787	0.601345	0.657611	256000	400133.16932	2664.949428	1705	1705	2b6d3980ed0b135e	80b0b73000a21e72	5	ok
quick/right-maximal	quick	synthetic-right-maximal-quick-mixed	right-maximal-child	vector	20	0.953098	0.865665	1.572208	256000	268597.772737	1798.346025	1714	1714	9cd8f6f473ce0ff9	6e1761e69d38b4c0	5	ok
quick/right-maximal	quick	synthetic-right-maximal-quick-mixed	right-maximal-child	vector	50	1.505742	0.840631	1.844748	256000	170015.846008	1132.332099	1705	1705	2b6d3980ed0b135e	80b0b73000a21e72	5	ok
quick/right-maximal	quick	synthetic-right-maximal-quick-mixed	right-maximal-full	max_matches=0	100	0.419461	0.348512	0.460655	256000	610307.036888	4064.740226	1705	0	2b6d3980ed0b135e	0	5	ok
quick/right-maximal	quick	synthetic-right-maximal-quick-mixed	right-maximal-full	max_matches=0	20	0.125182	0.122739	0.216911	256000	2045022.447317	13692.064354	1714	0	9cd8f6f473ce0ff9	0	5	ok
quick/right-maximal	quick	synthetic-right-maximal-quick-mixed	right-maximal-full	max_matches=0	50	0.190651	0.185226	0.195822	256000	1342767.674966	8943.042523	1705	0	2b6d3980ed0b135e	0	5	ok
quick/right-maximal	quick	synthetic-right-maximal-quick-mixed	right-maximal-full	max_matches=1000	100	0.298233	0.291564	0.344472	256000	858389.245992	5717.006502	1705	1705	2b6d3980ed0b135e	80b0b73000a21e72	5	ok
quick/right-maximal	quick	synthetic-right-maximal-quick-mixed	right-maximal-full	max_matches=1000	20	0.124059	0.119387	0.253739	256000	2063534.286106	13816.0069	1714	1714	9cd8f6f473ce0ff9	6e1761e69d38b4c0	5	ok
quick/right-maximal	quick	synthetic-right-maximal-quick-mixed	right-maximal-full	max_matches=1000	50	0.178802	0.176215	0.186865	256000	1431751.322692	9535.68752	1705	1705	2b6d3980ed0b135e	80b0b73000a21e72	5	ok
quick/right-maximal	quick	synthetic-right-maximal-quick-mixed	right-maximal-full	streaming	100	0.309302	0.283511	0.717961	256000	827670.044164	5512.411818	1705	1705	2b6d3980ed0b135e	80b0b73000a21e72	5	ok
quick/right-maximal	quick	synthetic-right-maximal-quick-mixed	right-maximal-full	streaming	20	0.112466	0.108118	0.204737	256000	2276243.48692	15240.161471	1714	1714	9cd8f6f473ce0ff9	6e1761e69d38b4c0	5	ok
quick/right-maximal	quick	synthetic-right-maximal-quick-mixed	right-maximal-full	streaming	50	0.192267	0.172927	0.19869	256000	1331481.741537	8867.876443	1705	1705	2b6d3980ed0b135e	80b0b73000a21e72	5	ok
quick/right-maximal	quick	synthetic-right-maximal-quick-mixed	right-maximal-full	vector	100	0.686919	0.659517	0.742324	256000	372678.583647	2482.097598	1705	1705	2b6d3980ed0b135e	80b0b73000a21e72	5	ok
quick/right-maximal	quick	synthetic-right-maximal-quick-mixed	right-maximal-full	vector	20	0.164636	0.126228	0.209725	256000	1554945.455429	10410.845745	1714	1714	9cd8f6f473ce0ff9	6e1761e69d38b4c0	5	ok
quick/right-maximal	quick	synthetic-right-maximal-quick-mixed	right-maximal-full	vector	50	0.181483	0.179475	0.18619	256000	1410600.441915	9394.819349	1705	1705	2b6d3980ed0b135e	80b0b73000a21e72	5	ok
quick/right-maximal	quick	synthetic-right-maximal-quick-mixed	right-maximal-lcp	max_matches=0	100	0.212417	0.197399	0.219873	256000	1205176.610158	8026.664532	1705	0	2b6d3980ed0b135e	0	5	ok
quick/right-maximal	quick	synthetic-right-maximal-quick-mixed	right-maximal-lcp	max_matches=0	20	0.268888	0.268017	0.359205	256000	952069.263039	6374.401238	1714	0	9cd8f6f473ce0ff9	0	5	ok
quick/right-maximal	quick	synthetic-right-maximal-quick-mixed	right-maximal-lcp	max_matches=0	50	0.328971	0.323062	0.545527	256000	778184.095255	5182.827666	1705	0	2b6d3980ed0b135e	0	5	ok
quick/right-maximal	quick	synthetic-right-maximal-quick-mixed	right-maximal-lcp	max_matches=1000	100	0.198313	0.197787	0.20029	256000	1290888.645727	8597.520082	1705	1705	2b6d3980ed0b135e	80b0b73000a21e72	5	ok
quick/right-maximal	quick	synthetic-right-maximal-quick-mixed	right-maximal-lcp	max_matches=1000	20	0.270269	0.268587	0.875955	256000	947204.451861	6341.829807	1714	1714	9cd8f6f473ce0ff9	6e1761e69d38b4c0	5	ok
quick/right-maximal	quick	synthetic-right-maximal-quick-mixed	right-maximal-lcp	max_matches=1000	50	0.249528	0.248857	0.314745	256000	1025936.968997	6832.900516	1705	1705	2b6d3980ed0b135e	80b0b73000a21e72	5	ok
quick/right-maximal	quick	synthetic-right-maximal-quick-mixed	right-maximal-lcp	streaming	100	0.197723	0.19704	0.216575	256000	1294740.621981	8623.174846	1705	1705	2b6d3980ed0b135e	80b0b73000a21e72	5	ok
quick/right-maximal	quick	synthetic-right-maximal-quick-mixed	right-maximal-lcp	streaming	20	0.897655	0.78195	1.028299	256000	285187.516362	1909.419543	1714	1714	9cd8f6f473ce0ff9	6e1761e69d38b4c0	5	ok
quick/right-maximal	quick	synthetic-right-maximal-quick-mixed	right-maximal-lcp	streaming	50	0.539091	0.246751	0.745328	256000	474873.444372	3162.731338	1705	1705	2b6d3980ed0b135e	80b0b73000a21e72	5	ok
quick/right-maximal	quick	synthetic-right-maximal-quick-mixed	right-maximal-lcp	vector	100	0.217941	0.212803	0.21876	256000	1174629.831009	7823.21821	1705	1705	2b6d3980ed0b135e	80b0b73000a21e72	5	ok
quick/right-maximal	quick	synthetic-right-maximal-quick-mixed	right-maximal-lcp	vector	20	0.455177	0.372408	0.535306	256000	562418.575631	3765.56812	1714	1714	9cd8f6f473ce0ff9	6e1761e69d38b4c0	5	ok
quick/right-maximal	quick	synthetic-right-maximal-quick-mixed	right-maximal-lcp	vector	50	0.339952	0.329077	0.352125	256000	753047.489057	5015.413941	1705	1705	2b6d3980ed0b135e	80b0b73000a21e72	5	ok
quick/right-maximal	quick	synthetic-right-maximal-quick-mixed	right-maximal-sampled-k4	max_matches=0	100	0.188767	0.176028	0.189084	256000	1356169.245684	9032.299078	1705	0	2b6d3980ed0b135e	0	5	ok
quick/right-maximal	quick	synthetic-right-maximal-quick-mixed	right-maximal-sampled-k4	max_matches=0	20	0.176692	0.174758	0.285302	256000	1448848.844317	9700.495778	1714	0	9cd8f6f473ce0ff9	0	5	ok
quick/right-maximal	quick	synthetic-right-maximal-quick-mixed	right-maximal-sampled-k4	max_matches=0	50	0.225907	0.223632	0.232118	256000	1133209.683631	7547.353557	1705	0	2b6d3980ed0b135e	0	5	ok
quick/right-maximal	quick	synthetic-right-maximal-quick-mixed	right-maximal-sampled-k4	max_matches=1000	100	0.18897	0.187226	0.189717	256000	1354712.38821	9022.596179	1705	1705	2b6d3980ed0b135e	80b0b73000a21e72	5	ok
quick/right-maximal	quick	synthetic-right-maximal-quick-mixed	right-maximal-sampled-k4	max_matches=1000	20	0.175188	0.175107	0.416942	256000	1461287.302783	9783.775144	1714	1714	9cd8f6f473ce0ff9	6e1761e69d38b4c0	5	ok
quick/right-maximal	quick	synthetic-right-maximal-quick-mixed	right-maximal-sampled-k4	max_matches=1000	50	0.223928	0.223055	0.22453	256000	1143224.60791	7614.054518	1705	1705	2b6d3980ed0b135e	80b0b73000a21e72	5	ok
quick/right-maximal	quick	synthetic-right-maximal-quick-mixed	right-maximal-sampled-k4	streaming	100	0.186364	0.181519	0.190014	256000	1373655.856281	9148.762637	1705	1705	2b6d3980ed0b135e	80b0b73000a21e72	5	ok
quick/right-maximal	quick	synthetic-right-maximal-quick-mixed	right-maximal-sampled-k4	streaming	20	0.184167	0.166937	0.3864	256000	1390042.732954	9306.770485	1714	1714	9cd8f6f473ce0ff9	6e1761e69d38b4c0	5	ok
quick/right-maximal	quick	synthetic-right-maximal-quick-mixed	right-maximal-sampled-k4	streaming	50	0.160942	0.157371	0.231943	256000	1590635.135639	10593.87854	1705	1705	2b6d3980ed0b135e	80b0b73000a21e72	5	ok
quick/right-maximal	quick	synthetic-right-maximal-quick-mixed	right-maximal-sampled-k4	vector	100	0.188484	0.18839	0.18913	256000	1358205.471021	9045.860657	1705	1705	2b6d3980ed0b135e	80b0b73000a21e72	5	ok
quick/right-maximal	quick	synthetic-right-maximal-quick-mixed	right-maximal-sampled-k4	vector	20	0.178105	0.177937	0.183581	256000	1437354.369613	9623.536678	1714	1714	9cd8f6f473ce0ff9	6e1761e69d38b4c0	5	ok
quick/right-maximal	quick	synthetic-right-maximal-quick-mixed	right-maximal-sampled-k4	vector	50	0.377856	0.231542	0.489536	256000	677506.775068	4512.300982	1705	1705	2b6d3980ed0b135e	80b0b73000a21e72	5	ok
quick/right-maximal	quick	synthetic-right-maximal-quick-mixed	right-maximal-sampled-k8	max_matches=0	100	0.192713	0.189105	0.195483	256000	1328400.263604	8847.353318	1705	0	2b6d3980ed0b135e	0	5	ok
quick/right-maximal	quick	synthetic-right-maximal-quick-mixed	right-maximal-sampled-k8	max_matches=0	20	0.355339	0.335695	0.673355	256000	720438.792252	4823.562851	1714	0	9cd8f6f473ce0ff9	0	5	ok
quick/right-maximal	quick	synthetic-right-maximal-quick-mixed	right-maximal-sampled-k8	max_matches=0	50	0.229344	0.227344	0.229883	256000	1116227.152225	7434.247244	1705	0	2b6d3980ed0b135e	0	5	ok
quick/right-maximal	quick	synthetic-right-maximal-quick-mixed	right-maximal-sampled-k8	max_matches=1000	100	0.189435	0.186986	0.514723	256000	1351387.019294	9000.448703	1705	1705	2b6d3980ed0b135e	80b0b73000a21e72	5	ok
quick/right-maximal	quick	synthetic-right-maximal-quick-mixed	right-maximal-sampled-k8	max_matches=1000	20	0.336281	0.325727	0.345063	256000	761268.106137	5096.927867	1714	1714	9cd8f6f473ce0ff9	6e1761e69d38b4c0	5	ok
quick/right-maximal	quick	synthetic-right-maximal-quick-mixed	right-maximal-sampled-k8	max_matches=1000	50	0.229568	0.226576	0.230185	256000	1115137.998327	7426.993309	1705	1705	2b6d3980ed0b135e	80b0b73000a21e72	5	ok
quick/right-maximal	quick	synthetic-right-maximal-quick-mixed	right-maximal-sampled-k8	streaming	100	0.184444	0.184324	0.185256	256000	1387955.151699	9243.998178	1705	1705	2b6d3980ed0b135e	80b0b73000a21e72	5	ok
quick/right-maximal	quick	synthetic-right-maximal-quick-mixed	right-maximal-sampled-k8	streaming	20	0.295703	0.290655	0.337917	256000	865733.523163	5796.356479	1714	1714	9cd8f6f473ce0ff9	6e1761e69d38b4c0	5	ok
quick/right-maximal	quick	synthetic-right-maximal-quick-mixed	right-maximal-sampled-k8	streaming	50	0.239258	0.231042	0.245224	256000	1069974.671693	7126.198497	1705	1705	2b6d3980ed0b135e	80b0b73000a21e72	5	ok
quick/right-maximal	quick	synthetic-right-maximal-quick-mixed	right-maximal-sampled-k8	vector	100	0.190663	0.184536	0.474852	256000	1342683.163487	8942.479663	1705	1705	2b6d3980ed0b135e	80b0b73000a21e72	5	ok
quick/right-maximal	quick	synthetic-right-maximal-quick-mixed	right-maximal-sampled-k8	vector	20	0.720046	0.368322	0.824098	256000	355532.840957	2380.403474	1714	1714	9cd8f6f473ce0ff9	6e1761e69d38b4c0	5	ok
quick/right-maximal	quick	synthetic-right-maximal-quick-mixed	right-maximal-sampled-k8	vector	50	0.232756	0.229103	0.2337	256000	1099864.235508	7325.267662	1705	1705	2b6d3980ed0b135e	80b0b73000a21e72	5	ok
quick/right-maximal	quick	synthetic-right-maximal-quick-mixed	right-maximal-suffix-link	max_matches=0	100	0.110688	0.10635	0.122334	256000	2312807.169702	15403.657126	1705	0	2b6d3980ed0b135e	0	5	ok
quick/right-maximal	quick	synthetic-right-maximal-quick-mixed	right-maximal-suffix-link	max_matches=0	20	0.148252	0.123576	0.158706	256000	1726789.520546	11561.395462	1714	0	9cd8f6f473ce0ff9	0	5	ok
quick/right-maximal	quick	synthetic-right-maximal-quick-mixed	right-maximal-suffix-link	max_matches=0	50	0.096333	0.082233	0.12607	256000	2657448.641691	17699.02318	1705	0	2b6d3980ed0b135e	0	5	ok
quick/right-maximal	quick	synthetic-right-maximal-quick-mixed	right-maximal-suffix-link	max_matches=1000	100	0.109376	0.108344	0.111622	256000	2340550.029257	15588.428906	1705	1705	2b6d3980ed0b135e	80b0b73000a21e72	5	ok
quick/right-maximal	quick	synthetic-right-maximal-quick-mixed	right-maximal-suffix-link	max_matches=1000	20	0.079898	0.078132	0.107513	256000	3204085.208641	21452.351748	1714	1714	9cd8f6f473ce0ff9	6e1761e69d38b4c0	5	ok
quick/right-maximal	quick	synthetic-right-maximal-quick-mixed	right-maximal-suffix-link	max_matches=1000	50	0.082453	0.080797	0.084015	256000	3104799.097668	20678.447115	1705	1705	2b6d3980ed0b135e	80b0b73000a21e72	5	ok
quick/right-maximal	quick	synthetic-right-maximal-quick-mixed	right-maximal-suffix-link	streaming	100	0.117218	0.108133	0.126771	256000	2183964.920063	14545.547612	1705	1705	2b6d3980ed0b135e	80b0b73000a21e72	5	ok
quick/right-maximal	quick	synthetic-right-maximal-quick-mixed	right-maximal-suffix-link	streaming	20	0.065898	0.065454	0.128272	256000	3884791.647698	26009.894079	1714	1714	9cd8f6f473ce0ff9	6e1761e69d38b4c0	5	ok
quick/right-maximal	quick	synthetic-right-maximal-quick-mixed	right-maximal-suffix-link	streaming	50	0.099132	0.098133	0.193488	256000	2582415.365371	17199.289836	1705	1705	2b6d3980ed0b135e	80b0b73000a21e72	5	ok
quick/right-maximal	quick	synthetic-right-maximal-quick-mixed	right-maximal-suffix-link	vector	100	0.119006	0.117315	0.121783	256000	2151152.042754	14327.008722	1705	1705	2b6d3980ed0b135e	80b0b73000a21e72	5	ok
quick/right-maximal	quick	synthetic-right-maximal-quick-mixed	right-maximal-suffix-link	vector	20	0.132146	0.064323	0.15089	256000	1937251.222133	12970.502323	1714	1714	9cd8f6f473ce0ff9	6e1761e69d38b4c0	5	ok
quick/right-maximal	quick	synthetic-right-maximal-quick-mixed	right-maximal-suffix-link	vector	50	0.099035	0.094804	0.157816	256000	2584944.716514	17216.13571	1705	1705	2b6d3980ed0b135e	80b0b73000a21e72	5	ok
quick/right-maximal	quick	synthetic-right-maximal-quick-mixed	right-maximal-suffix-link-binary	max_matches=0	100	0.13893	0.134311	0.22854	256000	1842654.574246	12272.367379	1705	0	2b6d3980ed0b135e	0	5	ok
quick/right-maximal	quick	synthetic-right-maximal-quick-mixed	right-maximal-suffix-link-binary	max_matches=0	20	0.156902	0.151149	0.170224	256000	1631591.694179	10924.016265	1714	0	9cd8f6f473ce0ff9	0	5	ok
quick/right-maximal	quick	synthetic-right-maximal-quick-mixed	right-maximal-suffix-link-binary	max_matches=0	50	0.081535	0.080428	0.082242	256000	3139755.933035	20911.265101	1705	0	2b6d3980ed0b135e	0	5	ok
quick/right-maximal	quick	synthetic-right-maximal-quick-mixed	right-maximal-suffix-link-binary	max_matches=1000	100	0.159229	0.145033	0.28611	256000	1607747.332458	10707.848445	1705	1705	2b6d3980ed0b135e	80b0b73000a21e72	5	ok
quick/right-maximal	quick	synthetic-right-maximal-quick-mixed	right-maximal-suffix-link-binary	max_matches=1000	20	0.116088	0.0889	0.141035	256000	2205223.623458	14764.661291	1714	1714	9cd8f6f473ce0ff9	6e1761e69d38b4c0	5	ok
quick/right-maximal	quick	synthetic-right-maximal-quick-mixed	right-maximal-suffix-link-binary	max_matches=1000	50	0.086082	0.081154	0.201182	256000	2973908.598778	19806.695941	1705	1705	2b6d3980ed0b135e	80b0b73000a21e72	5	ok
quick/right-maximal	quick	synthetic-right-maximal-quick-mixed	right-maximal-suffix-link-binary	streaming	100	0.223258	0.108007	0.23432	256000	1146655.438999	7636.904389	1705	1705	2b6d3980ed0b135e	80b0b73000a21e72	5	ok
quick/right-maximal	quick	synthetic-right-maximal-quick-mixed	right-maximal-suffix-link-binary	streaming	20	0.185114	0.181539	0.192413	256000	1382931.598907	9259.159221	1714	1714	9cd8f6f473ce0ff9	6e1761e69d38b4c0	5	ok
quick/right-maximal	quick	synthetic-right-maximal-quick-mixed	right-maximal-suffix-link-binary	streaming	50	0.084569	0.08131	0.101977	256000	3027113.954286	20161.051922	1705	1705	2b6d3980ed0b135e	80b0b73000a21e72	5	ok
quick/right-maximal	quick	synthetic-right-maximal-quick-mixed	right-maximal-suffix-link-binary	vector	100	0.138083	0.135636	0.197388	256000	1853957.402432	12347.645981	1705	1705	2b6d3980ed0b135e	80b0b73000a21e72	5	ok
quick/right-maximal	quick	synthetic-right-maximal-quick-mixed	right-maximal-suffix-link-binary	vector	20	0.183067	0.179448	0.188325	256000	1398395.123097	9362.692348	1714	1714	9cd8f6f473ce0ff9	6e1761e69d38b4c0	5	ok
quick/right-maximal	quick	synthetic-right-maximal-quick-mixed	right-maximal-suffix-link-binary	vector	50	0.082144	0.080611	0.083151	256000	3116478.379431	20756.232957	1705	1705	2b6d3980ed0b135e	80b0b73000a21e72	5	ok
quick/right-maximal	quick	synthetic-right-maximal-quick-mixed	right-maximal-suffix-link-sapling	max_matches=0	100	0.112351	0.10252	0.141966	256000	2278573.399436	15175.654867	1705	0	2b6d3980ed0b135e	0	5	ok
quick/right-maximal	quick	synthetic-right-maximal-quick-mixed	right-maximal-suffix-link-sapling	max_matches=0	20	0.057024	0.056431	0.057653	256000	4489337.822671	30057.519641	1714	0	9cd8f6f473ce0ff9	0	5	ok
quick/right-maximal	quick	synthetic-right-maximal-quick-mixed	right-maximal-suffix-link-sapling	max_matches=0	50	0.128566	0.061104	0.150253	256000	1991195.183797	13261.671048	1705	0	2b6d3980ed0b135e	0	5	ok
quick/right-maximal	quick	synthetic-right-maximal-quick-mixed	right-maximal-suffix-link-sapling	max_matches=1000	100	0.07781	0.062607	0.089118	256000	3290065.544275	21912.350598	1705	1705	2b6d3980ed0b135e	80b0b73000a21e72	5	ok
quick/right-maximal	quick	synthetic-right-maximal-quick-mixed	right-maximal-suffix-link-sapling	max_matches=1000	20	0.05496	0.051476	0.058113	256000	4657933.042213	31186.317322	1714	1714	9cd8f6f473ce0ff9	6e1761e69d38b4c0	5	ok
quick/right-maximal	quick	synthetic-right-maximal-quick-mixed	right-maximal-suffix-link-sapling	max_matches=1000	50	0.148379	0.130278	0.154475	256000	1725311.533303	11490.844392	1705	1705	2b6d3980ed0b135e	80b0b73000a21e72	5	ok
quick/right-maximal	quick	synthetic-right-maximal-quick-mixed	right-maximal-suffix-link-sapling	streaming	100	0.157482	0.147942	0.163239	256000	1625582.606266	10826.634155	1705	1705	2b6d3980ed0b135e	80b0b73000a21e72	5	ok
quick/right-maximal	quick	synthetic-right-maximal-quick-mixed	right-maximal-suffix-link-sapling	streaming	20	0.0527	0.052212	0.058593	256000	4857685.009488	32523.719165	1714	1714	9cd8f6f473ce0ff9	6e1761e69d38b4c0	5	ok
quick/right-maximal	quick	synthetic-right-maximal-quick-mixed	right-maximal-suffix-link-sapling	streaming	50	0.055729	0.055619	0.057943	256000	4593658.597857	30594.484021	1705	1705	2b6d3980ed0b135e	80b0b73000a21e72	5	ok
quick/right-maximal	quick	synthetic-right-maximal-quick-mixed	right-maximal-suffix-link-sapling	vector	100	0.14512	0.133306	0.14944	256000	1764057.331863	11748.897464	1705	1705	2b6d3980ed0b135e	80b0b73000a21e72	5	ok
quick/right-maximal	quick	synthetic-right-maximal-quick-mixed	right-maximal-suffix-link-sapling	vector	20	0.057978	0.05518	0.058815	256000	4415467.936114	29562.937666	1714	1714	9cd8f6f473ce0ff9	6e1761e69d38b4c0	5	ok
quick/right-maximal	quick	synthetic-right-maximal-quick-mixed	right-maximal-suffix-link-sapling	vector	50	0.055785	0.055217	0.084739	256000	4589047.23492	30563.771623	1705	1705	2b6d3980ed0b135e	80b0b73000a21e72	5	ok
quick/right-maximal	quick	synthetic-right-maximal-quick-n-islands	fm-balanced	max_matches=0	100	NA	NA	NA	NA	NA	NA	NA	NA	NA	NA	NA	not_supported
quick/right-maximal	quick	synthetic-right-maximal-quick-n-islands	fm-balanced	max_matches=0	20	NA	NA	NA	NA	NA	NA	NA	NA	NA	NA	NA	not_supported
quick/right-maximal	quick	synthetic-right-maximal-quick-n-islands	fm-balanced	max_matches=0	50	NA	NA	NA	NA	NA	NA	NA	NA	NA	NA	NA	not_supported
quick/right-maximal	quick	synthetic-right-maximal-quick-n-islands	fm-balanced	max_matches=1000	100	NA	NA	NA	NA	NA	NA	NA	NA	NA	NA	NA	not_supported
quick/right-maximal	quick	synthetic-right-maximal-quick-n-islands	fm-balanced	max_matches=1000	20	NA	NA	NA	NA	NA	NA	NA	NA	NA	NA	NA	not_supported
quick/right-maximal	quick	synthetic-right-maximal-quick-n-islands	fm-balanced	max_matches=1000	50	NA	NA	NA	NA	NA	NA	NA	NA	NA	NA	NA	not_supported
quick/right-maximal	quick	synthetic-right-maximal-quick-n-islands	fm-balanced	streaming	100	NA	NA	NA	NA	NA	NA	NA	NA	NA	NA	NA	not_supported
quick/right-maximal	quick	synthetic-right-maximal-quick-n-islands	fm-balanced	streaming	20	NA	NA	NA	NA	NA	NA	NA	NA	NA	NA	NA	not_supported
quick/right-maximal	quick	synthetic-right-maximal-quick-n-islands	fm-balanced	streaming	50	NA	NA	NA	NA	NA	NA	NA	NA	NA	NA	NA	not_supported
quick/right-maximal	quick	synthetic-right-maximal-quick-n-islands	fm-balanced	vector	100	NA	NA	NA	NA	NA	NA	NA	NA	NA	NA	NA	not_supported
quick/right-maximal	quick	synthetic-right-maximal-quick-n-islands	fm-balanced	vector	20	NA	NA	NA	NA	NA	NA	NA	NA	NA	NA	NA	not_supported
quick/right-maximal	quick	synthetic-right-maximal-quick-n-islands	fm-balanced	vector	50	NA	NA	NA	NA	NA	NA	NA	NA	NA	NA	NA	not_supported
quick/right-maximal	quick	synthetic-right-maximal-quick-n-islands	fm-epr	max_matches=0	100	NA	NA	NA	NA	NA	NA	NA	NA	NA	NA	NA	not_supported
quick/right-maximal	quick	synthetic-right-maximal-quick-n-islands	fm-epr	max_matches=0	20	NA	NA	NA	NA	NA	NA	NA	NA	NA	NA	NA	not_supported
quick/right-maximal	quick	synthetic-right-maximal-quick-n-islands	fm-epr	max_matches=0	50	NA	NA	NA	NA	NA	NA	NA	NA	NA	NA	NA	not_supported
quick/right-maximal	quick	synthetic-right-maximal-quick-n-islands	fm-epr	max_matches=1000	100	NA	NA	NA	NA	NA	NA	NA	NA	NA	NA	NA	not_supported
quick/right-maximal	quick	synthetic-right-maximal-quick-n-islands	fm-epr	max_matches=1000	20	NA	NA	NA	NA	NA	NA	NA	NA	NA	NA	NA	not_supported
quick/right-maximal	quick	synthetic-right-maximal-quick-n-islands	fm-epr	max_matches=1000	50	NA	NA	NA	NA	NA	NA	NA	NA	NA	NA	NA	not_supported
quick/right-maximal	quick	synthetic-right-maximal-quick-n-islands	fm-epr	streaming	100	NA	NA	NA	NA	NA	NA	NA	NA	NA	NA	NA	not_supported
quick/right-maximal	quick	synthetic-right-maximal-quick-n-islands	fm-epr	streaming	20	NA	NA	NA	NA	NA	NA	NA	NA	NA	NA	NA	not_supported
quick/right-maximal	quick	synthetic-right-maximal-quick-n-islands	fm-epr	streaming	50	NA	NA	NA	NA	NA	NA	NA	NA	NA	NA	NA	not_supported
quick/right-maximal	quick	synthetic-right-maximal-quick-n-islands	fm-epr	vector	100	NA	NA	NA	NA	NA	NA	NA	NA	NA	NA	NA	not_supported
quick/right-maximal	quick	synthetic-right-maximal-quick-n-islands	fm-epr	vector	20	NA	NA	NA	NA	NA	NA	NA	NA	NA	NA	NA	not_supported
quick/right-maximal	quick	synthetic-right-maximal-quick-n-islands	fm-epr	vector	50	NA	NA	NA	NA	NA	NA	NA	NA	NA	NA	NA	not_supported
quick/right-maximal	quick	synthetic-right-maximal-quick-n-islands	fm-huff	max_matches=0	100	NA	NA	NA	NA	NA	NA	NA	NA	NA	NA	NA	not_supported
quick/right-maximal	quick	synthetic-right-maximal-quick-n-islands	fm-huff	max_matches=0	20	NA	NA	NA	NA	NA	NA	NA	NA	NA	NA	NA	not_supported
quick/right-maximal	quick	synthetic-right-maximal-quick-n-islands	fm-huff	max_matches=0	50	NA	NA	NA	NA	NA	NA	NA	NA	NA	NA	NA	not_supported
quick/right-maximal	quick	synthetic-right-maximal-quick-n-islands	fm-huff	max_matches=1000	100	NA	NA	NA	NA	NA	NA	NA	NA	NA	NA	NA	not_supported
quick/right-maximal	quick	synthetic-right-maximal-quick-n-islands	fm-huff	max_matches=1000	20	NA	NA	NA	NA	NA	NA	NA	NA	NA	NA	NA	not_supported
quick/right-maximal	quick	synthetic-right-maximal-quick-n-islands	fm-huff	max_matches=1000	50	NA	NA	NA	NA	NA	NA	NA	NA	NA	NA	NA	not_supported
quick/right-maximal	quick	synthetic-right-maximal-quick-n-islands	fm-huff	streaming	100	NA	NA	NA	NA	NA	NA	NA	NA	NA	NA	NA	not_supported
quick/right-maximal	quick	synthetic-right-maximal-quick-n-islands	fm-huff	streaming	20	NA	NA	NA	NA	NA	NA	NA	NA	NA	NA	NA	not_supported
quick/right-maximal	quick	synthetic-right-maximal-quick-n-islands	fm-huff	streaming	50	NA	NA	NA	NA	NA	NA	NA	NA	NA	NA	NA	not_supported
quick/right-maximal	quick	synthetic-right-maximal-quick-n-islands	fm-huff	vector	100	NA	NA	NA	NA	NA	NA	NA	NA	NA	NA	NA	not_supported
quick/right-maximal	quick	synthetic-right-maximal-quick-n-islands	fm-huff	vector	20	NA	NA	NA	NA	NA	NA	NA	NA	NA	NA	NA	not_supported
quick/right-maximal	quick	synthetic-right-maximal-quick-n-islands	fm-huff	vector	50	NA	NA	NA	NA	NA	NA	NA	NA	NA	NA	NA	not_supported
quick/right-maximal	quick	synthetic-right-maximal-quick-n-islands	right-maximal-baseline	max_matches=0	100	0.27115	0.26482	0.276308	256000	944126.867048	6144.200627	1666	0	d39ab12391bab1f7	0	5	ok
quick/right-maximal	quick	synthetic-right-maximal-quick-n-islands	right-maximal-baseline	max_matches=0	20	0.365464	0.363003	0.384757	256000	700479.390583	4561.324782	1667	0	21688ef5d051ad36	0	5	ok
quick/right-maximal	quick	synthetic-right-maximal-quick-n-islands	right-maximal-baseline	max_matches=0	50	0.335825	0.332668	0.546756	256000	762301.794089	4960.917144	1666	0	d39ab12391bab1f7	0	5	ok
quick/right-maximal	quick	synthetic-right-maximal-quick-n-islands	right-maximal-baseline	max_matches=1000	100	0.268628	0.261567	0.274486	256000	952990.753012	6201.885135	1666	1666	d39ab12391bab1f7	29878065318f15d5	5	ok
quick/right-maximal	quick	synthetic-right-maximal-quick-n-islands	right-maximal-baseline	max_matches=1000	20	0.730689	0.364309	0.980836	256000	350354.254683	2281.408369	1667	1667	21688ef5d051ad36	ceca86de4cc27247	5	ok
quick/right-maximal	quick	synthetic-right-maximal-quick-n-islands	right-maximal-baseline	max_matches=1000	50	0.33589	0.332864	0.360483	256000	762154.276698	4959.957129	1666	1666	d39ab12391bab1f7	29878065318f15d5	5	ok
quick/right-maximal	quick	synthetic-right-maximal-quick-n-islands	right-maximal-baseline	streaming	100	0.285005	0.282277	0.286588	256000	898229.855617	5845.511482	1666	1666	d39ab12391bab1f7	29878065318f15d5	5	ok
quick/right-maximal	quick	synthetic-right-maximal-quick-n-islands	right-maximal-baseline	streaming	20	0.777727	0.378716	1.286372	256000	329164.346872	2143.425649	1667	1667	21688ef5d051ad36	ceca86de4cc27247	5	ok
quick/right-maximal	quick	synthetic-right-maximal-quick-n-islands	right-maximal-baseline	streaming	50	0.397497	0.392294	0.596238	256000	644030.017837	4191.2266	1666	1666	d39ab12391bab1f7	29878065318f15d5	5	ok
quick/right-maximal	quick	synthetic-right-maximal-quick-n-islands	right-maximal-baseline	vector	100	0.284424	0.276911	0.285424	256000	900064.69215	5857.452254	1666	1666	d39ab12391bab1f7	29878065318f15d5	5	ok
quick/right-maximal	quick	synthetic-right-maximal-quick-n-islands	right-maximal-baseline	vector	20	0.370992	0.365017	0.378352	256000	690041.833786	4493.358347	1667	1667	21688ef5d051ad36	ceca86de4cc27247	5	ok
quick/right-maximal	quick	synthetic-right-maximal-quick-n-islands	right-maximal-baseline	vector	50	0.38942	0.385403	0.609536	256000	657387.910225	4278.15726	1666	1666	d39ab12391bab1f7	29878065318f15d5	5	ok
quick/right-maximal	quick	synthetic-right-maximal-quick-n-islands	right-maximal-child	max_matches=0	100	0.687909	0.650671	0.698269	256000	372142.245559	2421.831957	1666	0	d39ab12391bab1f7	0	5	ok
quick/right-maximal	quick	synthetic-right-maximal-quick-n-islands	right-maximal-child	max_matches=0	20	0.89596	0.892601	0.953385	256000	285727.041386	1860.574133	1667	0	21688ef5d051ad36	0	5	ok
quick/right-maximal	quick	synthetic-right-maximal-quick-n-islands	right-maximal-child	max_matches=0	50	0.810821	0.783786	2.113429	256000	315729.365668	2054.707513	1666	0	d39ab12391bab1f7	0	5	ok
quick/right-maximal	quick	synthetic-right-maximal-quick-n-islands	right-maximal-child	max_matches=1000	100	0.623654	0.612115	0.827796	256000	410484.018382	2671.353026	1666	1666	d39ab12391bab1f7	29878065318f15d5	5	ok
quick/right-maximal	quick	synthetic-right-maximal-quick-n-islands	right-maximal-child	max_matches=1000	20	1.14612	0.892055	1.684642	256000	223362.300632	1454.472481	1667	1667	21688ef5d051ad36	ceca86de4cc27247	5	ok
quick/right-maximal	quick	synthetic-right-maximal-quick-n-islands	right-maximal-child	max_matches=1000	50	1.168004	0.823406	2.1326	256000	219177.331584	1426.364978	1666	1666	d39ab12391bab1f7	29878065318f15d5	5	ok
quick/right-maximal	quick	synthetic-right-maximal-quick-n-islands	right-maximal-child	streaming	100	0.593295	0.591417	0.62267	256000	431488.551227	2808.046587	1666	1666	d39ab12391bab1f7	29878065318f15d5	5	ok
quick/right-maximal	quick	synthetic-right-maximal-quick-n-islands	right-maximal-child	streaming	20	0.932939	0.915449	0.970035	256000	274401.648982	1786.826363	1667	1667	21688ef5d051ad36	ceca86de4cc27247	5	ok
quick/right-maximal	quick	synthetic-right-maximal-quick-n-islands	right-maximal-child	streaming	50	0.938502	0.812614	1.069855	256000	272775.124613	1775.169366	1666	1666	d39ab12391bab1f7	29878065318f15d5	5	ok
quick/right-maximal	quick	synthetic-right-maximal-quick-n-islands	right-maximal-child	vector	100	0.624125	0.615863	1.047586	256000	410174.243942	2669.337072	1666	1666	d39ab12391bab1f7	29878065318f15d5	5	ok
quick/right-maximal	quick	synthetic-right-maximal-quick-n-islands	right-maximal-child	vector	20	1.991846	1.002136	2.450244	256000	128523.992317	836.912091	1667	1667	21688ef5d051ad36	ceca86de4cc27247	5	ok
quick/right-maximal	quick	synthetic-right-maximal-quick-n-islands	right-maximal-child	vector	50	0.811306	0.807404	0.855294	256000	315540.622157	2053.479205	1666	1666	d39ab12391bab1f7	29878065318f15d5	5	ok
quick/right-maximal	quick	synthetic-right-maximal-quick-n-islands	right-maximal-full	max_matches=0	100	0.292037	0.289998	0.29716	256000	876601.252581	5704.756589	1666	0	d39ab12391bab1f7	0	5	ok
quick/right-maximal	quick	synthetic-right-maximal-quick-n-islands	right-maximal-full	max_matches=0	20	0.113095	0.111401	0.118194	256000	2263583.712808	14739.820505	1667	0	21688ef5d051ad36	0	5	ok
quick/right-maximal	quick	synthetic-right-maximal-quick-n-islands	right-maximal-full	max_matches=0	50	0.182257	0.175112	0.1875	256000	1404609.973828	9140.938345	1666	0	d39ab12391bab1f7	0	5	ok
quick/right-maximal	quick	synthetic-right-maximal-quick-n-islands	right-maximal-full	max_matches=1000	100	0.289534	0.28736	0.29775	256000	884179.405528	5754.073788	1666	1666	d39ab12391bab1f7	29878065318f15d5	5	ok
quick/right-maximal	quick	synthetic-right-maximal-quick-n-islands	right-maximal-full	max_matches=1000	20	0.115284	0.111507	0.116743	256000	2220603.032511	14459.942403	1667	1667	21688ef5d051ad36	ceca86de4cc27247	5	ok
quick/right-maximal	quick	synthetic-right-maximal-quick-n-islands	right-maximal-full	max_matches=1000	50	0.178115	0.174413	0.183968	256000	1437273.671504	9353.507565	1666	1666	d39ab12391bab1f7	29878065318f15d5	5	ok
quick/right-maximal	quick	synthetic-right-maximal-quick-n-islands	right-maximal-full	streaming	100	0.282655	0.274242	0.290895	256000	905697.758752	5894.111196	1666	1666	d39ab12391bab1f7	29878065318f15d5	5	ok
quick/right-maximal	quick	synthetic-right-maximal-quick-n-islands	right-maximal-full	streaming	20	0.115437	0.113259	0.116416	256000	2217659.849095	14440.77722	1667	1667	21688ef5d051ad36	ceca86de4cc27247	5	ok
quick/right-maximal	quick	synthetic-right-maximal-quick-n-islands	right-maximal-full	streaming	50	0.179745	0.175691	0.185185	256000	1424239.895407	9268.686194	1666	1666	d39ab12391bab1f7	29878065318f15d5	5	ok
quick/right-maximal	quick	synthetic-right-maximal-quick-n-islands	right-maximal-full	vector	100	0.28808	0.284205	0.294505	256000	888642.043877	5783.115801	1666	1666	d39ab12391bab1f7	29878065318f15d5	5	ok
quick/right-maximal	quick	synthetic-right-maximal-quick-n-islands	right-maximal-full	vector	20	0.115483	0.113956	0.117819	256000	2216776.495242	14435.025069	1667	1667	21688ef5d051ad36	ceca86de4cc27247	5	ok
quick/right-maximal	quick	synthetic-right-maximal-quick-n-islands	right-maximal-full	vector	50	0.181484	0.180351	0.187897	256000	1410592.669326	9179.872606	1666	1666	d39ab12391bab1f7	29878065318f15d5	5	ok
quick/right-maximal	quick	synthetic-right-maximal-quick-n-islands	right-maximal-lcp	max_matches=0	100	0.246865	0.246131	0.24756	256000	1037004.030543	6748.627793	1666	0	d39ab12391bab1f7	0	5	ok
quick/right-maximal	quick	synthetic-right-maximal-quick-n-islands	right-maximal-lcp	max_matches=0	20	0.377206	0.369727	0.527474	256000	678674.252265	4419.335854	1667	0	21688ef5d051ad36	0	5	ok
quick/right-maximal	quick	synthetic-right-maximal-quick-n-islands	right-maximal-lcp	max_matches=0	50	0.56663	0.382363	0.702464	256000	451793.939608	2940.190248	1666	0	d39ab12391bab1f7	0	5	ok
quick/right-maximal	quick	synthetic-right-maximal-quick-n-islands	right-maximal-lcp	max_matches=1000	100	0.264488	0.257492	0.274542	256000	967907.806781	6298.962524	1666	1666	d39ab12391bab1f7	29878065318f15d5	5	ok
quick/right-maximal	quick	synthetic-right-maximal-quick-n-islands	right-maximal-lcp	max_matches=1000	20	0.363637	0.361507	0.366444	256000	703998.768002	4584.241978	1667	1667	21688ef5d051ad36	ceca86de4cc27247	5	ok
quick/right-maximal	quick	synthetic-right-maximal-quick-n-islands	right-maximal-lcp	max_matches=1000	50	0.387755	0.379743	0.647107	256000	660210.700055	4296.527446	1666	1666	d39ab12391bab1f7	29878065318f15d5	5	ok
quick/right-maximal	quick	synthetic-right-maximal-quick-n-islands	right-maximal-lcp	streaming	100	0.29446	0.293607	0.311349	256000	869388.03233	5657.814304	1666	1666	d39ab12391bab1f7	29878065318f15d5	5	ok
quick/right-maximal	quick	synthetic-right-maximal-quick-n-islands	right-maximal-lcp	streaming	20	0.437614	0.366072	1.275918	256000	584990.425352	3809.293121	1667	1667	21688ef5d051ad36	ceca86de4cc27247	5	ok
quick/right-maximal	quick	synthetic-right-maximal-quick-n-islands	right-maximal-lcp	streaming	50	0.328833	0.327881	0.330544	256000	778510.672591	5066.401486	1666	1666	d39ab12391bab1f7	29878065318f15d5	5	ok
quick/right-maximal	quick	synthetic-right-maximal-quick-n-islands	right-maximal-lcp	vector	100	0.286431	0.246881	0.498539	256000	893758.008037	5816.409537	1666	1666	d39ab12391bab1f7	29878065318f15d5	5	ok
quick/right-maximal	quick	synthetic-right-maximal-quick-n-islands	right-maximal-lcp	vector	20	1.19051	0.991105	1.322229	256000	215033.893037	1400.240233	1667	1667	21688ef5d051ad36	ceca86de4cc27247	5	ok
quick/right-maximal	quick	synthetic-right-maximal-quick-n-islands	right-maximal-lcp	vector	50	0.334854	0.328915	0.854892	256000	764512.294911	4975.302669	1666	1666	d39ab12391bab1f7	29878065318f15d5	5	ok
quick/right-maximal	quick	synthetic-right-maximal-quick-n-islands	right-maximal-sampled-k4	max_matches=0	100	0.127308	0.127138	0.12773	256000	2010871.272819	13086.373205	1666	0	d39ab12391bab1f7	0	5	ok
quick/right-maximal	quick	synthetic-right-maximal-quick-n-islands	right-maximal-sampled-k4	max_matches=0	20	0.170537	0.170293	0.170781	256000	1501140.514962	9775.004838	1667	0	21688ef5d051ad36	0	5	ok
quick/right-maximal	quick	synthetic-right-maximal-quick-n-islands	right-maximal-sampled-k4	max_matches=0	50	0.153922	0.153258	0.154204	256000	1663180.052234	10823.663934	1666	0	d39ab12391bab1f7	0	5	ok
quick/right-maximal	quick	synthetic-right-maximal-quick-n-islands	right-maximal-sampled-k4	max_matches=1000	100	0.127698	0.127062	0.127761	256000	2004729.909631	13046.406365	1666	1666	d39ab12391bab1f7	29878065318f15d5	5	ok
quick/right-maximal	quick	synthetic-right-maximal-quick-n-islands	right-maximal-sampled-k4	max_matches=1000	20	0.170368	0.170101	0.171638	256000	1502629.601803	9784.701352	1667	1667	21688ef5d051ad36	ceca86de4cc27247	5	ok
quick/right-maximal	quick	synthetic-right-maximal-quick-n-islands	right-maximal-sampled-k4	max_matches=1000	50	0.153974	0.153951	0.154286	256000	1662618.364139	10820.008573	1666	1666	d39ab12391bab1f7	29878065318f15d5	5	ok
quick/right-maximal	quick	synthetic-right-maximal-quick-n-islands	right-maximal-sampled-k4	streaming	100	0.127203	0.126962	0.127544	256000	2012531.150995	13097.175381	1666	1666	d39ab12391bab1f7	29878065318f15d5	5	ok
quick/right-maximal	quick	synthetic-right-maximal-quick-n-islands	right-maximal-sampled-k4	streaming	20	0.170029	0.169877	0.171047	256000	1505625.510942	9804.20987	1667	1667	21688ef5d051ad36	ceca86de4cc27247	5	ok
quick/right-maximal	quick	synthetic-right-maximal-quick-n-islands	right-maximal-sampled-k4	streaming	50	0.153812	0.153516	0.154224	256000	1664369.490027	10831.404572	1666	1666	d39ab12391bab1f7	29878065318f15d5	5	ok
quick/right-maximal	quick	synthetic-right-maximal-quick-n-islands	right-maximal-sampled-k4	vector	100	0.127326	0.127243	0.127783	256000	2010586.997157	13084.523192	1666	1666	d39ab12391bab1f7	29878065318f15d5	5	ok
quick/right-maximal	quick	synthetic-right-maximal-quick-n-islands	right-maximal-sampled-k4	vector	20	0.170329	0.170092	0.170685	256000	1502973.656864	9786.941742	1667	1667	21688ef5d051ad36	ceca86de4cc27247	5	ok
quick/right-maximal	quick	synthetic-right-maximal-quick-n-islands	right-maximal-sampled-k4	vector	50	0.154034	0.153565	0.154608	256000	1661970.733734	10815.793916	1666	1666	d39ab12391bab1f7	29878065318f15d5	5	ok
quick/right-maximal	quick	synthetic-right-maximal-quick-n-islands	right-maximal-sampled-k8	max_matches=0	100	0.126616	0.126578	0.126931	256000	2021861.376129	13157.894737	1666	0	d39ab12391bab1f7	0	5	ok
quick/right-maximal	quick	synthetic-right-maximal-quick-n-islands	right-maximal-sampled-k8	max_matches=0	20	0.198949	0.198604	0.199727	256000	1286761.933963	8379.031812	1667	0	21688ef5d051ad36	0	5	ok
quick/right-maximal	quick	synthetic-right-maximal-quick-n-islands	right-maximal-sampled-k8	max_matches=0	50	0.158243	0.157552	0.158767	256000	1617765.082816	10528.111828	1666	0	d39ab12391bab1f7	0	5	ok
quick/right-maximal	quick	synthetic-right-maximal-quick-n-islands	right-maximal-sampled-k8	max_matches=1000	100	0.126326	0.126203	0.126746	256000	2026502.857686	13188.100629	1666	1666	d39ab12391bab1f7	29878065318f15d5	5	ok
quick/right-maximal	quick	synthetic-right-maximal-quick-n-islands	right-maximal-sampled-k8	max_matches=1000	20	0.1993	0.19894	0.199556	256000	1284495.735073	8364.274962	1667	1667	21688ef5d051ad36	ceca86de4cc27247	5	ok
quick/right-maximal	quick	synthetic-right-maximal-quick-n-islands	right-maximal-sampled-k8	max_matches=1000	50	0.158091	0.157609	0.158821	256000	1619320.51793	10538.234308	1666	1666	d39ab12391bab1f7	29878065318f15d5	5	ok
quick/right-maximal	quick	synthetic-right-maximal-quick-n-islands	right-maximal-sampled-k8	streaming	100	0.126063	0.126048	0.126121	256000	2030730.666413	13215.614415	1666	1666	d39ab12391bab1f7	29878065318f15d5	5	ok
quick/right-maximal	quick	synthetic-right-maximal-quick-n-islands	right-maximal-sampled-k8	streaming	20	0.198416	0.198295	0.198727	256000	1290218.530764	8401.540198	1667	1667	21688ef5d051ad36	ceca86de4cc27247	5	ok
quick/right-maximal	quick	synthetic-right-maximal-quick-n-islands	right-maximal-sampled-k8	streaming	50	0.157579	0.15739	0.157768	256000	1624581.955717	10572.474759	1666	1666	d39ab12391bab1f7	29878065318f15d5	5	ok
quick/right-maximal	quick	synthetic-right-maximal-quick-n-islands	right-maximal-sampled-k8	vector	100	0.126812	0.126207	0.126919	256000	2018736.397186	13137.55796	1666	1666	d39ab12391bab1f7	29878065318f15d5	5	ok
quick/right-maximal	quick	synthetic-right-maximal-quick-n-islands	right-maximal-sampled-k8	vector	20	0.199348	0.199032	0.199546	256000	1284186.44782	8362.260971	1667	1667	21688ef5d051ad36	ceca86de4cc27247	5	ok
quick/right-maximal	quick	synthetic-right-maximal-quick-n-islands	right-maximal-sampled-k8	vector	50	0.158629	0.158166	0.15874	256000	1613828.492899	10502.493239	1666	1666	d39ab12391bab1f7	29878065318f15d5	5	ok
quick/right-maximal	quick	synthetic-right-maximal-quick-n-islands	right-maximal-suffix-link	max_matches=0	100	0.122447	0.121156	0.122784	256000	2090700.466324	13605.886629	1666	0	d39ab12391bab1f7	0	5	ok
quick/right-maximal	quick	synthetic-right-maximal-quick-n-islands	right-maximal-suffix-link	max_matches=0	20	0.072149	0.070937	0.076294	256000	3548212.726441	23104.96334	1667	0	21688ef5d051ad36	0	5	ok
quick/right-maximal	quick	synthetic-right-maximal-quick-n-islands	right-maximal-suffix-link	max_matches=0	50	0.2651	0.242746	0.275559	256000	965673.330819	6284.420973	1666	0	d39ab12391bab1f7	0	5	ok
quick/right-maximal	quick	synthetic-right-maximal-quick-n-islands	right-maximal-suffix-link	max_matches=1000	100	0.121957	0.121603	0.122711	256000	2099100.502636	13660.55249	1666	1666	d39ab12391bab1f7	29878065318f15d5	5	ok
quick/right-maximal	quick	synthetic-right-maximal-quick-n-islands	right-maximal-suffix-link	max_matches=1000	20	0.072334	0.071201	0.163544	256000	3539137.88813	23045.870545	1667	1667	21688ef5d051ad36	ceca86de4cc27247	5	ok
quick/right-maximal	quick	synthetic-right-maximal-quick-n-islands	right-maximal-suffix-link	max_matches=1000	50	0.132416	0.097809	0.19151	256000	1933301.111648	12581.561141	1666	1666	d39ab12391bab1f7	29878065318f15d5	5	ok
quick/right-maximal	quick	synthetic-right-maximal-quick-n-islands	right-maximal-suffix-link	streaming	100	0.126272	0.124964	0.129035	256000	2027369.488089	13193.740497	1666	1666	d39ab12391bab1f7	29878065318f15d5	5	ok
quick/right-maximal	quick	synthetic-right-maximal-quick-n-islands	right-maximal-suffix-link	streaming	20	0.075335	0.075184	0.07592	256000	3398154.908077	22127.82903	1667	1667	21688ef5d051ad36	ceca86de4cc27247	5	ok
quick/right-maximal	quick	synthetic-right-maximal-quick-n-islands	right-maximal-suffix-link	streaming	50	0.27845	0.102468	0.282949	256000	919375.112228	5983.120848	1666	1666	d39ab12391bab1f7	29878065318f15d5	5	ok
quick/right-maximal	quick	synthetic-right-maximal-quick-n-islands	right-maximal-suffix-link	vector	100	0.122457	0.122099	0.123644	256000	2090529.736969	13604.775554	1666	1666	d39ab12391bab1f7	29878065318f15d5	5	ok
quick/right-maximal	quick	synthetic-right-maximal-quick-n-islands	right-maximal-suffix-link	vector	20	0.076445	0.075752	0.077071	256000	3348812.871999	21806.527569	1667	1667	21688ef5d051ad36	ceca86de4cc27247	5	ok
quick/right-maximal	quick	synthetic-right-maximal-quick-n-islands	right-maximal-suffix-link	vector	50	0.283792	0.268442	0.346548	256000	902069.121046	5870.496702	1666	1666	d39ab12391bab1f7	29878065318f15d5	5	ok
quick/right-maximal	quick	synthetic-right-maximal-quick-n-islands	right-maximal-suffix-link-binary	max_matches=0	100	0.129999	0.129354	0.133256	256000	1969245.917276	12815.483196	1666	0	d39ab12391bab1f7	0	5	ok
quick/right-maximal	quick	synthetic-right-maximal-quick-n-islands	right-maximal-suffix-link-binary	max_matches=0	20	0.085126	0.083269	0.112058	256000	3007306.815779	19582.736179	1667	0	21688ef5d051ad36	0	5	ok
quick/right-maximal	quick	synthetic-right-maximal-quick-n-islands	right-maximal-suffix-link-binary	max_matches=0	50	0.09133	0.090486	0.102988	256000	2803022.008102	18241.541662	1666	0	d39ab12391bab1f7	0	5	ok
quick/right-maximal	quick	synthetic-right-maximal-quick-n-islands	right-maximal-suffix-link-binary	max_matches=1000	100	0.123068	0.121214	0.127848	256000	2080150.810934	13537.231449	1666	1666	d39ab12391bab1f7	29878065318f15d5	5	ok
quick/right-maximal	quick	synthetic-right-maximal-quick-n-islands	right-maximal-suffix-link-binary	max_matches=1000	20	0.09128	0.082878	0.100987	256000	2804557.405784	18262.489045	1667	1667	21688ef5d051ad36	ceca86de4cc27247	5	ok
quick/right-maximal	quick	synthetic-right-maximal-quick-n-islands	right-maximal-suffix-link-binary	max_matches=1000	50	0.090737	0.0901	0.092025	256000	2821340.798131	18360.756913	1666	1666	d39ab12391bab1f7	29878065318f15d5	5	ok
quick/right-maximal	quick	synthetic-right-maximal-quick-n-islands	right-maximal-suffix-link-binary	streaming	100	0.130122	0.12213	0.131433	256000	1967384.454589	12803.369146	1666	1666	d39ab12391bab1f7	29878065318f15d5	5	ok
quick/right-maximal	quick	synthetic-right-maximal-quick-n-islands	right-maximal-suffix-link-binary	streaming	20	0.142855	0.075915	0.148656	256000	1792026.880403	11669.175038	1667	1667	21688ef5d051ad36	ceca86de4cc27247	5	ok
quick/right-maximal	quick	synthetic-right-maximal-quick-n-islands	right-maximal-suffix-link-binary	streaming	50	0.106794	0.105258	0.112759	256000	2397138.416016	15600.127348	1666	1666	d39ab12391bab1f7	29878065318f15d5	5	ok
quick/right-maximal	quick	synthetic-right-maximal-quick-n-islands	right-maximal-suffix-link-binary	vector	100	0.129821	0.129303	0.131444	256000	1971945.987167	12833.054745	1666	1666	d39ab12391bab1f7	29878065318f15d5	5	ok
quick/right-maximal	quick	synthetic-right-maximal-quick-n-islands	right-maximal-suffix-link-binary	vector	20	0.088361	0.082338	0.204949	256000	2897205.780831	18865.789206	1667	1667	21688ef5d051ad36	ceca86de4cc27247	5	ok
quick/right-maximal	quick	synthetic-right-maximal-quick-n-islands	right-maximal-suffix-link-binary	vector	50	0.114264	0.104441	0.225707	256000	2240425.680879	14580.270251	1666	1666	d39ab12391bab1f7	29878065318f15d5	5	ok
quick/right-maximal	quick	synthetic-right-maximal-quick-n-islands	right-maximal-suffix-link-sapling	max_matches=0	100	0.05969	0.058902	0.060036	256000	4288825.598928	27910.872843	1666	0	d39ab12391bab1f7	0	5	ok
quick/right-maximal	quick	synthetic-right-maximal-quick-n-islands	right-maximal-suffix-link-sapling	max_matches=0	20	0.117828	0.107616	0.142405	256000	2172658.451302	14147.740775	1667	0	21688ef5d051ad36	0	5	ok
quick/right-maximal	quick	synthetic-right-maximal-quick-n-islands	right-maximal-suffix-link-sapling	max_matches=0	50	0.054897	0.054456	0.055921	256000	4663278.503379	30347.742135	1666	0	d39ab12391bab1f7	0	5	ok
quick/right-maximal	quick	synthetic-right-maximal-quick-n-islands	right-maximal-suffix-link-sapling	max_matches=1000	100	0.05973	0.058473	0.060169	256000	4285953.457224	27892.181483	1666	1666	d39ab12391bab1f7	29878065318f15d5	5	ok
quick/right-maximal	quick	synthetic-right-maximal-quick-n-islands	right-maximal-suffix-link-sapling	max_matches=1000	20	0.082881	0.071653	0.105666	256000	3088765.820876	20113.17431	1667	1667	21688ef5d051ad36	ceca86de4cc27247	5	ok
quick/right-maximal	quick	synthetic-right-maximal-quick-n-islands	right-maximal-suffix-link-sapling	max_matches=1000	50	0.054844	0.05452	0.055521	256000	4667784.990154	30377.069506	1666	1666	d39ab12391bab1f7	29878065318f15d5	5	ok
quick/right-maximal	quick	synthetic-right-maximal-quick-n-islands	right-maximal-suffix-link-sapling	streaming	100	0.057814	0.056818	0.059397	256000	4427993.219635	28816.549625	1666	1666	d39ab12391bab1f7	29878065318f15d5	5	ok
quick/right-maximal	quick	synthetic-right-maximal-quick-n-islands	right-maximal-suffix-link-sapling	streaming	20	0.126487	0.120017	0.129619	256000	2023923.407149	13179.219999	1667	1667	21688ef5d051ad36	ceca86de4cc27247	5	ok
quick/right-maximal	quick	synthetic-right-maximal-quick-n-islands	right-maximal-suffix-link-sapling	streaming	50	0.05808	0.057021	0.058327	256000	4407713.498623	28684.573003	1666	1666	d39ab12391bab1f7	29878065318f15d5	5	ok
quick/right-maximal	quick	synthetic-right-maximal-quick-n-islands	right-maximal-suffix-link-sapling	vector	100	0.059416	0.057991	0.059852	256000	4308603.7431	28039.585297	1666	1666	d39ab12391bab1f7	29878065318f15d5	5	ok
quick/right-maximal	quick	synthetic-right-maximal-quick-n-islands	right-maximal-suffix-link-sapling	vector	20	0.121773	0.117879	0.123128	256000	2102272.260682	13689.405697	1667	1667	21688ef5d051ad36	ceca86de4cc27247	5	ok
quick/right-maximal	quick	synthetic-right-maximal-quick-n-islands	right-maximal-suffix-link-sapling	vector	50	0.05648	0.055285	0.057853	256000	4532577.903683	29497.167139	1666	1666	d39ab12391bab1f7	29878065318f15d5	5	ok
quick/right-maximal	quick	synthetic-right-maximal-quick-repeat-rich	fm-balanced	max_matches=0	100	NA	NA	NA	NA	NA	NA	NA	NA	NA	NA	NA	not_supported
quick/right-maximal	quick	synthetic-right-maximal-quick-repeat-rich	fm-balanced	max_matches=0	20	NA	NA	NA	NA	NA	NA	NA	NA	NA	NA	NA	not_supported
quick/right-maximal	quick	synthetic-right-maximal-quick-repeat-rich	fm-balanced	max_matches=0	50	NA	NA	NA	NA	NA	NA	NA	NA	NA	NA	NA	not_supported
quick/right-maximal	quick	synthetic-right-maximal-quick-repeat-rich	fm-balanced	max_matches=1000	100	NA	NA	NA	NA	NA	NA	NA	NA	NA	NA	NA	not_supported
quick/right-maximal	quick	synthetic-right-maximal-quick-repeat-rich	fm-balanced	max_matches=1000	20	NA	NA	NA	NA	NA	NA	NA	NA	NA	NA	NA	not_supported
quick/right-maximal	quick	synthetic-right-maximal-quick-repeat-rich	fm-balanced	max_matches=1000	50	NA	NA	NA	NA	NA	NA	NA	NA	NA	NA	NA	not_supported
quick/right-maximal	quick	synthetic-right-maximal-quick-repeat-rich	fm-balanced	streaming	100	NA	NA	NA	NA	NA	NA	NA	NA	NA	NA	NA	not_supported
quick/right-maximal	quick	synthetic-right-maximal-quick-repeat-rich	fm-balanced	streaming	20	NA	NA	NA	NA	NA	NA	NA	NA	NA	NA	NA	not_supported
quick/right-maximal	quick	synthetic-right-maximal-quick-repeat-rich	fm-balanced	streaming	50	NA	NA	NA	NA	NA	NA	NA	NA	NA	NA	NA	not_supported
quick/right-maximal	quick	synthetic-right-maximal-quick-repeat-rich	fm-balanced	vector	100	NA	NA	NA	NA	NA	NA	NA	NA	NA	NA	NA	not_supported
quick/right-maximal	quick	synthetic-right-maximal-quick-repeat-rich	fm-balanced	vector	20	NA	NA	NA	NA	NA	NA	NA	NA	NA	NA	NA	not_supported
quick/right-maximal	quick	synthetic-right-maximal-quick-repeat-rich	fm-balanced	vector	50	NA	NA	NA	NA	NA	NA	NA	NA	NA	NA	NA	not_supported
quick/right-maximal	quick	synthetic-right-maximal-quick-repeat-rich	fm-epr	max_matches=0	100	NA	NA	NA	NA	NA	NA	NA	NA	NA	NA	NA	not_supported
quick/right-maximal	quick	synthetic-right-maximal-quick-repeat-rich	fm-epr	max_matches=0	20	NA	NA	NA	NA	NA	NA	NA	NA	NA	NA	NA	not_supported
quick/right-maximal	quick	synthetic-right-maximal-quick-repeat-rich	fm-epr	max_matches=0	50	NA	NA	NA	NA	NA	NA	NA	NA	NA	NA	NA	not_supported
quick/right-maximal	quick	synthetic-right-maximal-quick-repeat-rich	fm-epr	max_matches=1000	100	NA	NA	NA	NA	NA	NA	NA	NA	NA	NA	NA	not_supported
quick/right-maximal	quick	synthetic-right-maximal-quick-repeat-rich	fm-epr	max_matches=1000	20	NA	NA	NA	NA	NA	NA	NA	NA	NA	NA	NA	not_supported
quick/right-maximal	quick	synthetic-right-maximal-quick-repeat-rich	fm-epr	max_matches=1000	50	NA	NA	NA	NA	NA	NA	NA	NA	NA	NA	NA	not_supported
quick/right-maximal	quick	synthetic-right-maximal-quick-repeat-rich	fm-epr	streaming	100	NA	NA	NA	NA	NA	NA	NA	NA	NA	NA	NA	not_supported
quick/right-maximal	quick	synthetic-right-maximal-quick-repeat-rich	fm-epr	streaming	20	NA	NA	NA	NA	NA	NA	NA	NA	NA	NA	NA	not_supported
quick/right-maximal	quick	synthetic-right-maximal-quick-repeat-rich	fm-epr	streaming	50	NA	NA	NA	NA	NA	NA	NA	NA	NA	NA	NA	not_supported
quick/right-maximal	quick	synthetic-right-maximal-quick-repeat-rich	fm-epr	vector	100	NA	NA	NA	NA	NA	NA	NA	NA	NA	NA	NA	not_supported
quick/right-maximal	quick	synthetic-right-maximal-quick-repeat-rich	fm-epr	vector	20	NA	NA	NA	NA	NA	NA	NA	NA	NA	NA	NA	not_supported
quick/right-maximal	quick	synthetic-right-maximal-quick-repeat-rich	fm-epr	vector	50	NA	NA	NA	NA	NA	NA	NA	NA	NA	NA	NA	not_supported
quick/right-maximal	quick	synthetic-right-maximal-quick-repeat-rich	fm-huff	max_matches=0	100	NA	NA	NA	NA	NA	NA	NA	NA	NA	NA	NA	not_supported
quick/right-maximal	quick	synthetic-right-maximal-quick-repeat-rich	fm-huff	max_matches=0	20	NA	NA	NA	NA	NA	NA	NA	NA	NA	NA	NA	not_supported
quick/right-maximal	quick	synthetic-right-maximal-quick-repeat-rich	fm-huff	max_matches=0	50	NA	NA	NA	NA	NA	NA	NA	NA	NA	NA	NA	not_supported
quick/right-maximal	quick	synthetic-right-maximal-quick-repeat-rich	fm-huff	max_matches=1000	100	NA	NA	NA	NA	NA	NA	NA	NA	NA	NA	NA	not_supported
quick/right-maximal	quick	synthetic-right-maximal-quick-repeat-rich	fm-huff	max_matches=1000	20	NA	NA	NA	NA	NA	NA	NA	NA	NA	NA	NA	not_supported
quick/right-maximal	quick	synthetic-right-maximal-quick-repeat-rich	fm-huff	max_matches=1000	50	NA	NA	NA	NA	NA	NA	NA	NA	NA	NA	NA	not_supported
quick/right-maximal	quick	synthetic-right-maximal-quick-repeat-rich	fm-huff	streaming	100	NA	NA	NA	NA	NA	NA	NA	NA	NA	NA	NA	not_supported
quick/right-maximal	quick	synthetic-right-maximal-quick-repeat-rich	fm-huff	streaming	20	NA	NA	NA	NA	NA	NA	NA	NA	NA	NA	NA	not_supported
quick/right-maximal	quick	synthetic-right-maximal-quick-repeat-rich	fm-huff	streaming	50	NA	NA	NA	NA	NA	NA	NA	NA	NA	NA	NA	not_supported
quick/right-maximal	quick	synthetic-right-maximal-quick-repeat-rich	fm-huff	vector	100	NA	NA	NA	NA	NA	NA	NA	NA	NA	NA	NA	not_supported
quick/right-maximal	quick	synthetic-right-maximal-quick-repeat-rich	fm-huff	vector	20	NA	NA	NA	NA	NA	NA	NA	NA	NA	NA	NA	not_supported
quick/right-maximal	quick	synthetic-right-maximal-quick-repeat-rich	fm-huff	vector	50	NA	NA	NA	NA	NA	NA	NA	NA	NA	NA	NA	not_supported
quick/right-maximal	quick	synthetic-right-maximal-quick-repeat-rich	right-maximal-baseline	max_matches=0	100	0.29932	0.289401	0.637676	256000	855271.949753	5585.994922	1672	0	12a28c1972fc8c91	0	5	ok
quick/right-maximal	quick	synthetic-right-maximal-quick-repeat-rich	right-maximal-baseline	max_matches=0	20	0.296491	0.289594	0.298387	256000	863432.616842	5639.294279	1672	0	12a28c1972fc8c91	0	5	ok
quick/right-maximal	quick	synthetic-right-maximal-quick-repeat-rich	right-maximal-baseline	max_matches=0	50	0.292596	0.291284	0.294721	256000	874926.519843	5714.363833	1672	0	12a28c1972fc8c91	0	5	ok
quick/right-maximal	quick	synthetic-right-maximal-quick-repeat-rich	right-maximal-baseline	max_matches=1000	100	0.289989	0.284327	0.387927	256000	882792.105907	5765.735942	1672	1672	12a28c1972fc8c91	3a0531226ef39b27	5	ok
quick/right-maximal	quick	synthetic-right-maximal-quick-repeat-rich	right-maximal-baseline	max_matches=1000	20	0.941375	0.379091	1.116395	256000	271942.6371	1776.125349	1672	1672	12a28c1972fc8c91	3a0531226ef39b27	5	ok
quick/right-maximal	quick	synthetic-right-maximal-quick-repeat-rich	right-maximal-baseline	max_matches=1000	50	0.289708	0.288056	0.290518	256000	883648.363179	5771.328372	1672	1672	12a28c1972fc8c91	3a0531226ef39b27	5	ok
quick/right-maximal	quick	synthetic-right-maximal-quick-repeat-rich	right-maximal-baseline	streaming	100	0.228613	0.227517	0.228956	256000	1119796.337041	7313.669826	1672	1672	12a28c1972fc8c91	3a0531226ef39b27	5	ok
quick/right-maximal	quick	synthetic-right-maximal-quick-repeat-rich	right-maximal-baseline	streaming	20	0.334641	0.331623	0.347868	256000	764998.909279	4996.399126	1672	1672	12a28c1972fc8c91	3a0531226ef39b27	5	ok
quick/right-maximal	quick	synthetic-right-maximal-quick-repeat-rich	right-maximal-baseline	streaming	50	0.902463	0.672902	1.091092	256000	283668.139303	1852.707535	1672	1672	12a28c1972fc8c91	3a0531226ef39b27	5	ok
quick/right-maximal	quick	synthetic-right-maximal-quick-repeat-rich	right-maximal-baseline	vector	100	0.494292	0.228642	0.636794	256000	517912.488974	3382.615944	1672	1672	12a28c1972fc8c91	3a0531226ef39b27	5	ok
quick/right-maximal	quick	synthetic-right-maximal-quick-repeat-rich	right-maximal-baseline	vector	20	0.335011	0.291072	0.343463	256000	764154.012853	4990.880896	1672	1672	12a28c1972fc8c91	3a0531226ef39b27	5	ok
quick/right-maximal	quick	synthetic-right-maximal-quick-repeat-rich	right-maximal-baseline	vector	50	0.363863	0.296182	0.575517	256000	703561.505292	4595.136081	1672	1672	12a28c1972fc8c91	3a0531226ef39b27	5	ok
quick/right-maximal	quick	synthetic-right-maximal-quick-repeat-rich	right-maximal-child	max_matches=0	100	0.658844	0.628265	0.67367	256000	388559.355477	2537.77829	1672	0	12a28c1972fc8c91	0	5	ok
quick/right-maximal	quick	synthetic-right-maximal-quick-repeat-rich	right-maximal-child	max_matches=0	20	0.986933	0.928598	1.264776	256000	259389.441836	1694.137292	1672	0	12a28c1972fc8c91	0	5	ok
quick/right-maximal	quick	synthetic-right-maximal-quick-repeat-rich	right-maximal-child	max_matches=0	50	2.190092	1.041171	2.252932	256000	116890.066719	763.438248	1672	0	12a28c1972fc8c91	0	5	ok
quick/right-maximal	quick	synthetic-right-maximal-quick-repeat-rich	right-maximal-child	max_matches=1000	100	0.673782	0.664391	0.682896	256000	379944.848631	2481.514793	1672	1672	12a28c1972fc8c91	3a0531226ef39b27	5	ok
quick/right-maximal	quick	synthetic-right-maximal-quick-repeat-rich	right-maximal-child	max_matches=1000	20	1.235092	0.940821	1.691007	256000	207272.008887	1353.745308	1672	1672	12a28c1972fc8c91	3a0531226ef39b27	5	ok
quick/right-maximal	quick	synthetic-right-maximal-quick-repeat-rich	right-maximal-child	max_matches=1000	50	0.844917	0.807659	0.941515	256000	302988.340867	1978.892601	1672	1672	12a28c1972fc8c91	3a0531226ef39b27	5	ok
quick/right-maximal	quick	synthetic-right-maximal-quick-repeat-rich	right-maximal-child	streaming	100	0.886801	0.624358	1.183679	256000	288678.068699	1885.428636	1672	1672	12a28c1972fc8c91	3a0531226ef39b27	5	ok
quick/right-maximal	quick	synthetic-right-maximal-quick-repeat-rich	right-maximal-child	streaming	20	0.99585	0.964133	1.029076	256000	257066.827333	1678.967716	1672	1672	12a28c1972fc8c91	3a0531226ef39b27	5	ok
quick/right-maximal	quick	synthetic-right-maximal-quick-repeat-rich	right-maximal-child	streaming	50	0.849433	0.839677	0.988183	256000	301377.507114	1968.371843	1672	1672	12a28c1972fc8c91	3a0531226ef39b27	5	ok
quick/right-maximal	quick	synthetic-right-maximal-quick-repeat-rich	right-maximal-child	vector	100	0.724057	0.692323	0.849842	256000	353563.324434	2309.210463	1672	1672	12a28c1972fc8c91	3a0531226ef39b27	5	ok
quick/right-maximal	quick	synthetic-right-maximal-quick-repeat-rich	right-maximal-child	vector	20	1.700324	0.975916	2.550992	256000	150559.540417	983.341998	1672	1672	12a28c1972fc8c91	3a0531226ef39b27	5	ok
quick/right-maximal	quick	synthetic-right-maximal-quick-repeat-rich	right-maximal-child	vector	50	0.886788	0.829392	0.89708	256000	288682.300618	1885.456276	1672	1672	12a28c1972fc8c91	3a0531226ef39b27	5	ok
quick/right-maximal	quick	synthetic-right-maximal-quick-repeat-rich	right-maximal-full	max_matches=0	100	0.474926	0.305664	0.885644	256000	539031.34383	3520.548464	1672	0	12a28c1972fc8c91	0	5	ok
quick/right-maximal	quick	synthetic-right-maximal-quick-repeat-rich	right-maximal-full	max_matches=0	20	0.111963	0.110681	0.115765	256000	2286469.637291	14933.504819	1672	0	12a28c1972fc8c91	0	5	ok
quick/right-maximal	quick	synthetic-right-maximal-quick-repeat-rich	right-maximal-full	max_matches=0	50	0.202349	0.191508	0.341198	256000	1265140.919896	8262.951633	1672	0	12a28c1972fc8c91	0	5	ok
quick/right-maximal	quick	synthetic-right-maximal-quick-repeat-rich	right-maximal-full	max_matches=1000	100	0.771774	0.475312	0.849586	256000	331703.322475	2166.437325	1672	1672	12a28c1972fc8c91	3a0531226ef39b27	5	ok
quick/right-maximal	quick	synthetic-right-maximal-quick-repeat-rich	right-maximal-full	max_matches=1000	20	0.131583	0.113853	0.245268	256000	1945540.077366	12706.80863	1672	1672	12a28c1972fc8c91	3a0531226ef39b27	5	ok
quick/right-maximal	quick	synthetic-right-maximal-quick-repeat-rich	right-maximal-full	max_matches=1000	50	0.182344	0.1801	0.19079	256000	1403939.806081	9169.481858	1672	1672	12a28c1972fc8c91	3a0531226ef39b27	5	ok
quick/right-maximal	quick	synthetic-right-maximal-quick-repeat-rich	right-maximal-full	streaming	100	0.305517	0.304218	0.323457	256000	837923.912581	5472.690554	1672	1672	12a28c1972fc8c91	3a0531226ef39b27	5	ok
quick/right-maximal	quick	synthetic-right-maximal-quick-repeat-rich	right-maximal-full	streaming	20	0.132969	0.119161	0.192617	256000	1925260.775068	12574.359437	1672	1672	12a28c1972fc8c91	3a0531226ef39b27	5	ok
quick/right-maximal	quick	synthetic-right-maximal-quick-repeat-rich	right-maximal-full	streaming	50	0.24847	0.19716	0.333786	256000	1030305.469473	6729.182597	1672	1672	12a28c1972fc8c91	3a0531226ef39b27	5	ok
quick/right-maximal	quick	synthetic-right-maximal-quick-repeat-rich	right-maximal-full	vector	100	0.314936	0.305494	0.320313	256000	812863.565931	5309.015165	1672	1672	12a28c1972fc8c91	3a0531226ef39b27	5	ok
quick/right-maximal	quick	synthetic-right-maximal-quick-repeat-rich	right-maximal-full	vector	20	0.115989	0.11483	0.119569	256000	2207105.846244	14415.160058	1672	1672	12a28c1972fc8c91	3a0531226ef39b27	5	ok
quick/right-maximal	quick	synthetic-right-maximal-quick-repeat-rich	right-maximal-full	vector	50	0.209626	0.196366	0.240061	256000	1221222.55827	7976.109834	1672	1672	12a28c1972fc8c91	3a0531226ef39b27	5	ok
quick/right-maximal	quick	synthetic-right-maximal-quick-repeat-rich	right-maximal-lcp	max_matches=0	100	0.305339	0.301147	0.6399	256000	838412.387543	5475.880906	1672	0	12a28c1972fc8c91	0	5	ok
quick/right-maximal	quick	synthetic-right-maximal-quick-repeat-rich	right-maximal-lcp	max_matches=0	20	0.368941	0.363522	0.374214	256000	693877.882914	4531.889923	1672	0	12a28c1972fc8c91	0	5	ok
quick/right-maximal	quick	synthetic-right-maximal-quick-repeat-rich	right-maximal-lcp	max_matches=0	50	0.42051	0.375413	0.858109	256000	608784.571116	3976.12423	1672	0	12a28c1972fc8c91	0	5	ok
quick/right-maximal	quick	synthetic-right-maximal-quick-repeat-rich	right-maximal-lcp	max_matches=1000	100	0.31517	0.301385	0.392663	256000	812260.050132	5305.073452	1672	1672	12a28c1972fc8c91	3a0531226ef39b27	5	ok
quick/right-maximal	quick	synthetic-right-maximal-quick-repeat-rich	right-maximal-lcp	max_matches=1000	20	0.319715	0.317323	0.324841	256000	800713.135136	5229.657664	1672	1672	12a28c1972fc8c91	3a0531226ef39b27	5	ok
quick/right-maximal	quick	synthetic-right-maximal-quick-repeat-rich	right-maximal-lcp	max_matches=1000	50	0.340804	0.333253	0.371976	256000	751164.892431	4906.045704	1672	1672	12a28c1972fc8c91	3a0531226ef39b27	5	ok
quick/right-maximal	quick	synthetic-right-maximal-quick-repeat-rich	right-maximal-lcp	streaming	100	0.243671	0.22528	0.247619	256000	1050596.911409	6861.711078	1672	1672	12a28c1972fc8c91	3a0531226ef39b27	5	ok
quick/right-maximal	quick	synthetic-right-maximal-quick-repeat-rich	right-maximal-lcp	streaming	20	0.314676	0.313496	0.375101	256000	813535.191753	5313.401721	1672	1672	12a28c1972fc8c91	3a0531226ef39b27	5	ok
quick/right-maximal	quick	synthetic-right-maximal-quick-repeat-rich	right-maximal-lcp	streaming	50	0.350951	0.291836	0.992008	256000	729446.560916	4764.197851	1672	1672	12a28c1972fc8c91	3a0531226ef39b27	5	ok
quick/right-maximal	quick	synthetic-right-maximal-quick-repeat-rich	right-maximal-lcp	vector	100	0.456936	0.245612	0.656201	256000	560253.514715	3659.155768	1672	1672	12a28c1972fc8c91	3a0531226ef39b27	5	ok
quick/right-maximal	quick	synthetic-right-maximal-quick-repeat-rich	right-maximal-lcp	vector	20	0.325902	0.316345	0.371055	256000	785512.209192	5130.376616	1672	1672	12a28c1972fc8c91	3a0531226ef39b27	5	ok
quick/right-maximal	quick	synthetic-right-maximal-quick-repeat-rich	right-maximal-lcp	vector	50	0.948352	0.866057	1.024764	256000	269941.962478	1763.058442	1672	1672	12a28c1972fc8c91	3a0531226ef39b27	5	ok
quick/right-maximal	quick	synthetic-right-maximal-quick-repeat-rich	right-maximal-sampled-k4	max_matches=0	100	0.13505	0.133949	0.356936	256000	1895594.224361	12380.599778	1672	0	12a28c1972fc8c91	0	5	ok
quick/right-maximal	quick	synthetic-right-maximal-quick-repeat-rich	right-maximal-sampled-k4	max_matches=0	20	0.171471	0.171206	0.172075	256000	1492963.824787	9750.919981	1672	0	12a28c1972fc8c91	0	5	ok
quick/right-maximal	quick	synthetic-right-maximal-quick-repeat-rich	right-maximal-sampled-k4	max_matches=0	50	0.165423	0.164336	0.551434	256000	1547547.801696	10107.42158	1672	0	12a28c1972fc8c91	0	5	ok
quick/right-maximal	quick	synthetic-right-maximal-quick-repeat-rich	right-maximal-sampled-k4	max_matches=1000	100	0.134069	0.133473	0.192203	256000	1909464.529459	12471.190208	1672	1672	12a28c1972fc8c91	3a0531226ef39b27	5	ok
quick/right-maximal	quick	synthetic-right-maximal-quick-repeat-rich	right-maximal-sampled-k4	max_matches=1000	20	0.171986	0.171874	0.172376	256000	1488493.249451	9721.721535	1672	1672	12a28c1972fc8c91	3a0531226ef39b27	5	ok
quick/right-maximal	quick	synthetic-right-maximal-quick-repeat-rich	right-maximal-sampled-k4	max_matches=1000	50	0.165694	0.164829	0.227365	256000	1545016.717564	10090.890437	1672	1672	12a28c1972fc8c91	3a0531226ef39b27	5	ok
quick/right-maximal	quick	synthetic-right-maximal-quick-repeat-rich	right-maximal-sampled-k4	streaming	100	0.136585	0.131416	0.143042	256000	1874290.734707	12241.461361	1672	1672	12a28c1972fc8c91	3a0531226ef39b27	5	ok
quick/right-maximal	quick	synthetic-right-maximal-quick-repeat-rich	right-maximal-sampled-k4	streaming	20	0.17172	0.171356	0.17202	256000	1490798.975076	9736.780806	1672	1672	12a28c1972fc8c91	3a0531226ef39b27	5	ok
quick/right-maximal	quick	synthetic-right-maximal-quick-repeat-rich	right-maximal-sampled-k4	streaming	50	0.15495	0.151254	0.395291	256000	1652145.853501	10790.577606	1672	1672	12a28c1972fc8c91	3a0531226ef39b27	5	ok
quick/right-maximal	quick	synthetic-right-maximal-quick-repeat-rich	right-maximal-sampled-k4	vector	100	0.135793	0.134702	0.404286	256000	1885222.360505	12312.858542	1672	1672	12a28c1972fc8c91	3a0531226ef39b27	5	ok
quick/right-maximal	quick	synthetic-right-maximal-quick-repeat-rich	right-maximal-sampled-k4	vector	20	0.171988	0.171713	0.172602	256000	1488475.940182	9721.608484	1672	1672	12a28c1972fc8c91	3a0531226ef39b27	5	ok
quick/right-maximal	quick	synthetic-right-maximal-quick-repeat-rich	right-maximal-sampled-k4	vector	50	0.194842	0.192236	0.491273	256000	1313885.096642	8581.312037	1672	1672	12a28c1972fc8c91	3a0531226ef39b27	5	ok
quick/right-maximal	quick	synthetic-right-maximal-quick-repeat-rich	right-maximal-sampled-k8	max_matches=0	100	0.225243	0.156733	0.369617	256000	1136550.30345	7423.094169	1672	0	12a28c1972fc8c91	0	5	ok
quick/right-maximal	quick	synthetic-right-maximal-quick-repeat-rich	right-maximal-sampled-k8	max_matches=0	20	0.202295	0.193903	0.203209	256000	1265478.63269	8265.15732	1672	0	12a28c1972fc8c91	0	5	ok
quick/right-maximal	quick	synthetic-right-maximal-quick-repeat-rich	right-maximal-sampled-k8	max_matches=0	50	0.158828	0.158377	0.159222	256000	1611806.482484	10527.111089	1672	0	12a28c1972fc8c91	0	5	ok
quick/right-maximal	quick	synthetic-right-maximal-quick-repeat-rich	right-maximal-sampled-k8	max_matches=1000	100	0.193392	0.157139	0.214325	256000	1323736.245553	8645.652354	1672	1672	12a28c1972fc8c91	3a0531226ef39b27	5	ok
quick/right-maximal	quick	synthetic-right-maximal-quick-repeat-rich	right-maximal-sampled-k8	max_matches=1000	20	0.202898	0.194673	0.203158	256000	1261717.710377	8240.593796	1672	1672	12a28c1972fc8c91	3a0531226ef39b27	5	ok
quick/right-maximal	quick	synthetic-right-maximal-quick-repeat-rich	right-maximal-sampled-k8	max_matches=1000	50	0.159662	0.159311	0.16023	256000	1603387.155366	10472.122358	1672	1672	12a28c1972fc8c91	3a0531226ef39b27	5	ok
quick/right-maximal	quick	synthetic-right-maximal-quick-repeat-rich	right-maximal-sampled-k8	streaming	100	0.127424	0.127039	0.145457	256000	2009040.683074	13121.546961	1672	1672	12a28c1972fc8c91	3a0531226ef39b27	5	ok
quick/right-maximal	quick	synthetic-right-maximal-quick-repeat-rich	right-maximal-sampled-k8	streaming	20	0.201927	0.20122	0.202556	256000	1267784.89256	8280.22008	1672	1672	12a28c1972fc8c91	3a0531226ef39b27	5	ok
quick/right-maximal	quick	synthetic-right-maximal-quick-repeat-rich	right-maximal-sampled-k8	streaming	50	0.158567	0.154295	0.159298	256000	1614459.502923	10544.438628	1672	1672	12a28c1972fc8c91	3a0531226ef39b27	5	ok
quick/right-maximal	quick	synthetic-right-maximal-quick-repeat-rich	right-maximal-sampled-k8	vector	100	0.133867	0.129184	0.432196	256000	1912345.835792	12490.00874	1672	1672	12a28c1972fc8c91	3a0531226ef39b27	5	ok
quick/right-maximal	quick	synthetic-right-maximal-quick-repeat-rich	right-maximal-sampled-k8	vector	20	0.202132	0.196403	0.203399	256000	1266499.119387	8271.822373	1672	1672	12a28c1972fc8c91	3a0531226ef39b27	5	ok
quick/right-maximal	quick	synthetic-right-maximal-quick-repeat-rich	right-maximal-sampled-k8	vector	50	0.159187	0.154454	0.15979	256000	1608171.521544	10503.37025	1672	1672	12a28c1972fc8c91	3a0531226ef39b27	5	ok
quick/right-maximal	quick	synthetic-right-maximal-quick-repeat-rich	right-maximal-suffix-link	max_matches=0	100	0.148203	0.145556	0.160281	256000	1727360.444795	11281.822905	1672	0	12a28c1972fc8c91	0	5	ok
quick/right-maximal	quick	synthetic-right-maximal-quick-repeat-rich	right-maximal-suffix-link	max_matches=0	20	0.095225	0.080564	0.133694	256000	2688369.650827	17558.414282	1672	0	12a28c1972fc8c91	0	5	ok
quick/right-maximal	quick	synthetic-right-maximal-quick-repeat-rich	right-maximal-suffix-link	max_matches=0	50	0.093131	0.092794	0.203614	256000	2748816.183655	17953.205699	1672	0	12a28c1972fc8c91	0	5	ok
quick/right-maximal	quick	synthetic-right-maximal-quick-repeat-rich	right-maximal-suffix-link	max_matches=1000	100	0.1305	0.128848	0.145876	256000	1961685.823755	12812.260536	1672	1672	12a28c1972fc8c91	3a0531226ef39b27	5	ok
quick/right-maximal	quick	synthetic-right-maximal-quick-repeat-rich	right-maximal-suffix-link	max_matches=1000	20	0.076204	0.075808	0.080666	256000	3359403.705842	21941.105454	1672	1672	12a28c1972fc8c91	3a0531226ef39b27	5	ok
quick/right-maximal	quick	synthetic-right-maximal-quick-repeat-rich	right-maximal-suffix-link	max_matches=1000	50	0.205749	0.185515	0.301745	256000	1244234.479876	8126.406447	1672	1672	12a28c1972fc8c91	3a0531226ef39b27	5	ok
quick/right-maximal	quick	synthetic-right-maximal-quick-repeat-rich	right-maximal-suffix-link	streaming	100	0.152353	0.150479	0.187341	256000	1680308.231541	10974.513137	1672	1672	12a28c1972fc8c91	3a0531226ef39b27	5	ok
quick/right-maximal	quick	synthetic-right-maximal-quick-repeat-rich	right-maximal-suffix-link	streaming	20	0.19301	0.189944	0.193802	256000	1326356.14735	8662.763587	1672	1672	12a28c1972fc8c91	3a0531226ef39b27	5	ok
quick/right-maximal	quick	synthetic-right-maximal-quick-repeat-rich	right-maximal-suffix-link	streaming	50	0.093763	0.093359	0.095786	256000	2730288.066721	17832.193936	1672	1672	12a28c1972fc8c91	3a0531226ef39b27	5	ok
quick/right-maximal	quick	synthetic-right-maximal-quick-repeat-rich	right-maximal-suffix-link	vector	100	0.150111	0.14746	0.176228	256000	1705404.667213	11138.424233	1672	1672	12a28c1972fc8c91	3a0531226ef39b27	5	ok
quick/right-maximal	quick	synthetic-right-maximal-quick-repeat-rich	right-maximal-suffix-link	vector	20	0.190577	0.143517	0.233005	256000	1343289.064263	8773.356701	1672	1672	12a28c1972fc8c91	3a0531226ef39b27	5	ok
quick/right-maximal	quick	synthetic-right-maximal-quick-repeat-rich	right-maximal-suffix-link	vector	50	0.092987	0.092779	0.093247	256000	2753073.010206	17981.008098	1672	1672	12a28c1972fc8c91	3a0531226ef39b27	5	ok
quick/right-maximal	quick	synthetic-right-maximal-quick-repeat-rich	right-maximal-suffix-link-binary	max_matches=0	100	0.126752	0.12633	0.127324	256000	2019691.99697	13191.113355	1672	0	12a28c1972fc8c91	0	5	ok
quick/right-maximal	quick	synthetic-right-maximal-quick-repeat-rich	right-maximal-suffix-link-binary	max_matches=0	20	0.075314	0.073558	0.079638	256000	3399102.424516	22200.38771	1672	0	12a28c1972fc8c91	0	5	ok
quick/right-maximal	quick	synthetic-right-maximal-quick-repeat-rich	right-maximal-suffix-link-binary	max_matches=0	50	0.276975	0.227312	0.294422	256000	924271.143605	6036.645907	1672	0	12a28c1972fc8c91	0	5	ok
quick/right-maximal	quick	synthetic-right-maximal-quick-repeat-rich	right-maximal-suffix-link-binary	max_matches=1000	100	0.220461	0.126771	0.323216	256000	1161203.11529	7584.107847	1672	1672	12a28c1972fc8c91	3a0531226ef39b27	5	ok
quick/right-maximal	quick	synthetic-right-maximal-quick-repeat-rich	right-maximal-suffix-link-binary	max_matches=1000	20	0.076234	0.074585	0.116694	256000	3358081.695831	21932.471076	1672	1672	12a28c1972fc8c91	3a0531226ef39b27	5	ok
quick/right-maximal	quick	synthetic-right-maximal-quick-repeat-rich	right-maximal-suffix-link-binary	max_matches=1000	50	0.113865	0.111005	0.194891	256000	2248276.467747	14684.05568	1672	1672	12a28c1972fc8c91	3a0531226ef39b27	5	ok
quick/right-maximal	quick	synthetic-right-maximal-quick-repeat-rich	right-maximal-suffix-link-binary	streaming	100	0.130322	0.129688	0.130831	256000	1964365.187766	12829.760133	1672	1672	12a28c1972fc8c91	3a0531226ef39b27	5	ok
quick/right-maximal	quick	synthetic-right-maximal-quick-repeat-rich	right-maximal-suffix-link-binary	streaming	20	0.079864	0.078748	0.080912	256000	3205449.263748	20935.590504	1672	1672	12a28c1972fc8c91	3a0531226ef39b27	5	ok
quick/right-maximal	quick	synthetic-right-maximal-quick-repeat-rich	right-maximal-suffix-link-binary	streaming	50	0.294562	0.108851	0.308053	256000	869086.983386	5676.22436	1672	1672	12a28c1972fc8c91	3a0531226ef39b27	5	ok
quick/right-maximal	quick	synthetic-right-maximal-quick-repeat-rich	right-maximal-suffix-link-binary	vector	100	0.127585	0.127012	0.128557	256000	2006505.466944	13104.988831	1672	1672	12a28c1972fc8c91	3a0531226ef39b27	5	ok
quick/right-maximal	quick	synthetic-right-maximal-quick-repeat-rich	right-maximal-suffix-link-binary	vector	20	0.078885	0.078156	0.079485	256000	3245230.398682	21195.411041	1672	1672	12a28c1972fc8c91	3a0531226ef39b27	5	ok
quick/right-maximal	quick	synthetic-right-maximal-quick-repeat-rich	right-maximal-suffix-link-binary	vector	50	0.288812	0.281254	0.295351	256000	886389.762198	5789.233134	1672	1672	12a28c1972fc8c91	3a0531226ef39b27	5	ok
quick/right-maximal	quick	synthetic-right-maximal-quick-repeat-rich	right-maximal-suffix-link-sapling	max_matches=0	100	0.067148	0.061053	0.115135	256000	3812473.938166	24900.220409	1672	0	12a28c1972fc8c91	0	5	ok
quick/right-maximal	quick	synthetic-right-maximal-quick-repeat-rich	right-maximal-suffix-link-sapling	max_matches=0	20	0.062398	0.057475	0.063146	256000	4102695.599218	26795.730632	1672	0	12a28c1972fc8c91	0	5	ok
quick/right-maximal	quick	synthetic-right-maximal-quick-repeat-rich	right-maximal-suffix-link-sapling	max_matches=0	50	0.062988	0.062596	0.064083	256000	4064266.209437	26544.73868	1672	0	12a28c1972fc8c91	0	5	ok
quick/right-maximal	quick	synthetic-right-maximal-quick-repeat-rich	right-maximal-suffix-link-sapling	max_matches=1000	100	0.170537	0.148794	0.17482	256000	1501140.514962	9804.323988	1672	1672	12a28c1972fc8c91	3a0531226ef39b27	5	ok
quick/right-maximal	quick	synthetic-right-maximal-quick-repeat-rich	right-maximal-suffix-link-sapling	max_matches=1000	20	0.057228	0.056812	0.05759	256000	4473334.73125	29216.467463	1672	1672	12a28c1972fc8c91	3a0531226ef39b27	5	ok
quick/right-maximal	quick	synthetic-right-maximal-quick-repeat-rich	right-maximal-suffix-link-sapling	max_matches=1000	50	0.062884	0.061836	0.064238	256000	4070987.850646	26588.6394	1672	1672	12a28c1972fc8c91	3a0531226ef39b27	5	ok
quick/right-maximal	quick	synthetic-right-maximal-quick-repeat-rich	right-maximal-suffix-link-sapling	streaming	100	0.063401	0.061759	0.064074	256000	4037791.202032	26371.823788	1672	1672	12a28c1972fc8c91	3a0531226ef39b27	5	ok
quick/right-maximal	quick	synthetic-right-maximal-quick-repeat-rich	right-maximal-suffix-link-sapling	streaming	20	0.064178	0.062657	0.100711	256000	3988905.855589	26052.541369	1672	1672	12a28c1972fc8c91	3a0531226ef39b27	5	ok
quick/right-maximal	quick	synthetic-right-maximal-quick-repeat-rich	right-maximal-suffix-link-sapling	streaming	50	0.058164	0.05795	0.058506	256000	4401347.912798	28746.303555	1672	1672	12a28c1972fc8c91	3a0531226ef39b27	5	ok
quick/right-maximal	quick	synthetic-right-maximal-quick-repeat-rich	right-maximal-suffix-link-sapling	vector	100	0.061479	0.061226	0.062479	256000	4164023.487695	27196.278404	1672	1672	12a28c1972fc8c91	3a0531226ef39b27	5	ok
quick/right-maximal	quick	synthetic-right-maximal-quick-repeat-rich	right-maximal-suffix-link-sapling	vector	20	0.064392	0.062645	0.079132	256000	3975649.148963	25965.958504	1672	1672	12a28c1972fc8c91	3a0531226ef39b27	5	ok
quick/right-maximal	quick	synthetic-right-maximal-quick-repeat-rich	right-maximal-suffix-link-sapling	vector	50	0.063468	0.062775	0.06472	256000	4033528.70738	26343.98437	1672	1672	12a28c1972fc8c91	3a0531226ef39b27	5	ok
smoke/right-maximal	smoke	synthetic-right-maximal-smoke-mixed	fm-balanced	max_matches=0	100	NA	NA	NA	NA	NA	NA	NA	NA	NA	NA	NA	not_supported
smoke/right-maximal	smoke	synthetic-right-maximal-smoke-mixed	fm-balanced	max_matches=0	20	NA	NA	NA	NA	NA	NA	NA	NA	NA	NA	NA	not_supported
smoke/right-maximal	smoke	synthetic-right-maximal-smoke-mixed	fm-balanced	max_matches=0	50	NA	NA	NA	NA	NA	NA	NA	NA	NA	NA	NA	not_supported
smoke/right-maximal	smoke	synthetic-right-maximal-smoke-mixed	fm-balanced	max_matches=1000	100	NA	NA	NA	NA	NA	NA	NA	NA	NA	NA	NA	not_supported
smoke/right-maximal	smoke	synthetic-right-maximal-smoke-mixed	fm-balanced	max_matches=1000	20	NA	NA	NA	NA	NA	NA	NA	NA	NA	NA	NA	not_supported
smoke/right-maximal	smoke	synthetic-right-maximal-smoke-mixed	fm-balanced	max_matches=1000	50	NA	NA	NA	NA	NA	NA	NA	NA	NA	NA	NA	not_supported
smoke/right-maximal	smoke	synthetic-right-maximal-smoke-mixed	fm-balanced	streaming	100	NA	NA	NA	NA	NA	NA	NA	NA	NA	NA	NA	not_supported
smoke/right-maximal	smoke	synthetic-right-maximal-smoke-mixed	fm-balanced	streaming	20	NA	NA	NA	NA	NA	NA	NA	NA	NA	NA	NA	not_supported
smoke/right-maximal	smoke	synthetic-right-maximal-smoke-mixed	fm-balanced	streaming	50	NA	NA	NA	NA	NA	NA	NA	NA	NA	NA	NA	not_supported
smoke/right-maximal	smoke	synthetic-right-maximal-smoke-mixed	fm-balanced	vector	100	NA	NA	NA	NA	NA	NA	NA	NA	NA	NA	NA	not_supported
smoke/right-maximal	smoke	synthetic-right-maximal-smoke-mixed	fm-balanced	vector	20	NA	NA	NA	NA	NA	NA	NA	NA	NA	NA	NA	not_supported
smoke/right-maximal	smoke	synthetic-right-maximal-smoke-mixed	fm-balanced	vector	50	NA	NA	NA	NA	NA	NA	NA	NA	NA	NA	NA	not_supported
smoke/right-maximal	smoke	synthetic-right-maximal-smoke-mixed	fm-epr	max_matches=0	100	NA	NA	NA	NA	NA	NA	NA	NA	NA	NA	NA	not_supported
smoke/right-maximal	smoke	synthetic-right-maximal-smoke-mixed	fm-epr	max_matches=0	20	NA	NA	NA	NA	NA	NA	NA	NA	NA	NA	NA	not_supported
smoke/right-maximal	smoke	synthetic-right-maximal-smoke-mixed	fm-epr	max_matches=0	50	NA	NA	NA	NA	NA	NA	NA	NA	NA	NA	NA	not_supported
smoke/right-maximal	smoke	synthetic-right-maximal-smoke-mixed	fm-epr	max_matches=1000	100	NA	NA	NA	NA	NA	NA	NA	NA	NA	NA	NA	not_supported
smoke/right-maximal	smoke	synthetic-right-maximal-smoke-mixed	fm-epr	max_matches=1000	20	NA	NA	NA	NA	NA	NA	NA	NA	NA	NA	NA	not_supported
smoke/right-maximal	smoke	synthetic-right-maximal-smoke-mixed	fm-epr	max_matches=1000	50	NA	NA	NA	NA	NA	NA	NA	NA	NA	NA	NA	not_supported
smoke/right-maximal	smoke	synthetic-right-maximal-smoke-mixed	fm-epr	streaming	100	NA	NA	NA	NA	NA	NA	NA	NA	NA	NA	NA	not_supported
smoke/right-maximal	smoke	synthetic-right-maximal-smoke-mixed	fm-epr	streaming	20	NA	NA	NA	NA	NA	NA	NA	NA	NA	NA	NA	not_supported
smoke/right-maximal	smoke	synthetic-right-maximal-smoke-mixed	fm-epr	streaming	50	NA	NA	NA	NA	NA	NA	NA	NA	NA	NA	NA	not_supported
smoke/right-maximal	smoke	synthetic-right-maximal-smoke-mixed	fm-epr	vector	100	NA	NA	NA	NA	NA	NA	NA	NA	NA	NA	NA	not_supported
smoke/right-maximal	smoke	synthetic-right-maximal-smoke-mixed	fm-epr	vector	20	NA	NA	NA	NA	NA	NA	NA	NA	NA	NA	NA	not_supported
smoke/right-maximal	smoke	synthetic-right-maximal-smoke-mixed	fm-epr	vector	50	NA	NA	NA	NA	NA	NA	NA	NA	NA	NA	NA	not_supported
smoke/right-maximal	smoke	synthetic-right-maximal-smoke-mixed	fm-huff	max_matches=0	100	NA	NA	NA	NA	NA	NA	NA	NA	NA	NA	NA	not_supported
smoke/right-maximal	smoke	synthetic-right-maximal-smoke-mixed	fm-huff	max_matches=0	20	NA	NA	NA	NA	NA	NA	NA	NA	NA	NA	NA	not_supported
smoke/right-maximal	smoke	synthetic-right-maximal-smoke-mixed	fm-huff	max_matches=0	50	NA	NA	NA	NA	NA	NA	NA	NA	NA	NA	NA	not_supported
smoke/right-maximal	smoke	synthetic-right-maximal-smoke-mixed	fm-huff	max_matches=1000	100	NA	NA	NA	NA	NA	NA	NA	NA	NA	NA	NA	not_supported
smoke/right-maximal	smoke	synthetic-right-maximal-smoke-mixed	fm-huff	max_matches=1000	20	NA	NA	NA	NA	NA	NA	NA	NA	NA	NA	NA	not_supported
smoke/right-maximal	smoke	synthetic-right-maximal-smoke-mixed	fm-huff	max_matches=1000	50	NA	NA	NA	NA	NA	NA	NA	NA	NA	NA	NA	not_supported
smoke/right-maximal	smoke	synthetic-right-maximal-smoke-mixed	fm-huff	streaming	100	NA	NA	NA	NA	NA	NA	NA	NA	NA	NA	NA	not_supported
smoke/right-maximal	smoke	synthetic-right-maximal-smoke-mixed	fm-huff	streaming	20	NA	NA	NA	NA	NA	NA	NA	NA	NA	NA	NA	not_supported
smoke/right-maximal	smoke	synthetic-right-maximal-smoke-mixed	fm-huff	streaming	50	NA	NA	NA	NA	NA	NA	NA	NA	NA	NA	NA	not_supported
smoke/right-maximal	smoke	synthetic-right-maximal-smoke-mixed	fm-huff	vector	100	NA	NA	NA	NA	NA	NA	NA	NA	NA	NA	NA	not_supported
smoke/right-maximal	smoke	synthetic-right-maximal-smoke-mixed	fm-huff	vector	20	NA	NA	NA	NA	NA	NA	NA	NA	NA	NA	NA	not_supported
smoke/right-maximal	smoke	synthetic-right-maximal-smoke-mixed	fm-huff	vector	50	NA	NA	NA	NA	NA	NA	NA	NA	NA	NA	NA	not_supported
smoke/right-maximal	smoke	synthetic-right-maximal-smoke-mixed	right-maximal-baseline	max_matches=0	100	0.002392	0.002359	0.002507	12800	5351170.568562	15468.227425	37	0	6041a0d4e9825be6	0	3	ok
smoke/right-maximal	smoke	synthetic-right-maximal-smoke-mixed	right-maximal-baseline	max_matches=0	20	0.007071	0.006998	0.007827	12800	1810210.719842	24748.974685	175	0	b77381a1eeb9a966	0	3	ok
smoke/right-maximal	smoke	synthetic-right-maximal-smoke-mixed	right-maximal-baseline	max_matches=0	50	0.006358	0.006143	0.006368	12800	2013211.701793	27524.378735	175	0	b77381a1eeb9a966	0	3	ok
smoke/right-maximal	smoke	synthetic-right-maximal-smoke-mixed	right-maximal-baseline	max_matches=1000	100	0.002532	0.002392	0.002784	12800	5055292.259084	14612.954186	37	37	6041a0d4e9825be6	5eb1cbb2b4c47d2b	3	ok
smoke/right-maximal	smoke	synthetic-right-maximal-smoke-mixed	right-maximal-baseline	max_matches=1000	20	0.007898	0.007572	0.007899	12800	1620663.459104	22157.50823	175	175	b77381a1eeb9a966	c80f2afec341f4c3	3	ok
smoke/right-maximal	smoke	synthetic-right-maximal-smoke-mixed	right-maximal-baseline	max_matches=1000	50	0.006404	0.006378	0.006453	12800	1998750.780762	27326.670831	175	175	b77381a1eeb9a966	c80f2afec341f4c3	3	ok
smoke/right-maximal	smoke	synthetic-right-maximal-smoke-mixed	right-maximal-baseline	streaming	100	0.002394	0.002389	0.002762	12800	5346700.083542	15455.304929	37	37	6041a0d4e9825be6	5eb1cbb2b4c47d2b	3	ok
smoke/right-maximal	smoke	synthetic-right-maximal-smoke-mixed	right-maximal-baseline	streaming	20	0.007026	0.006992	0.007856	12800	1821804.725306	24907.486479	175	175	b77381a1eeb9a966	c80f2afec341f4c3	3	ok
smoke/right-maximal	smoke	synthetic-right-maximal-smoke-mixed	right-maximal-baseline	streaming	50	0.006349	0.005557	0.006391	12800	2016065.522129	27563.39581	175	175	b77381a1eeb9a966	c80f2afec341f4c3	3	ok
smoke/right-maximal	smoke	synthetic-right-maximal-smoke-mixed	right-maximal-baseline	vector	100	0.002412	0.002388	0.00277	12800	5306799.33665	15339.966833	37	37	6041a0d4e9825be6	5eb1cbb2b4c47d2b	3	ok
smoke/right-maximal	smoke	synthetic-right-maximal-smoke-mixed	right-maximal-baseline	vector	20	0.007081	0.007033	0.007792	12800	1807654.286118	24714.023443	175	175	b77381a1eeb9a966	c80f2afec341f4c3	3	ok
smoke/right-maximal	smoke	synthetic-right-maximal-smoke-mixed	right-maximal-baseline	vector	50	0.006405	0.006391	0.006422	12800	1998438.71975	27322.404372	175	175	b77381a1eeb9a966	c80f2afec341f4c3	3	ok
smoke/right-maximal	smoke	synthetic-right-maximal-smoke-mixed	right-maximal-child	max_matches=0	100	0.00421	0.004202	0.004217	12800	3040380.047506	8788.598575	37	0	6041a0d4e9825be6	0	3	ok
smoke/right-maximal	smoke	synthetic-right-maximal-smoke-mixed	right-maximal-child	max_matches=0	20	0.014743	0.014742	0.014753	12800	868208.641389	11870.040019	175	0	b77381a1eeb9a966	0	3	ok
smoke/right-maximal	smoke	synthetic-right-maximal-smoke-mixed	right-maximal-child	max_matches=0	50	0.010867	0.010866	0.01088	12800	1177877.979203	16103.800497	175	0	b77381a1eeb9a966	0	3	ok
smoke/right-maximal	smoke	synthetic-right-maximal-smoke-mixed	right-maximal-child	max_matches=1000	100	0.004235	0.004207	0.004243	12800	3022432.113341	8736.717828	37	37	6041a0d4e9825be6	5eb1cbb2b4c47d2b	3	ok
smoke/right-maximal	smoke	synthetic-right-maximal-smoke-mixed	right-maximal-child	max_matches=1000	20	0.014807	0.014791	0.01481	12800	864456.00054	11818.734382	175	175	b77381a1eeb9a966	c80f2afec341f4c3	3	ok
smoke/right-maximal	smoke	synthetic-right-maximal-smoke-mixed	right-maximal-child	max_matches=1000	50	0.010891	0.010868	0.010936	12800	1175282.343219	16068.313286	175	175	b77381a1eeb9a966	c80f2afec341f4c3	3	ok
smoke/right-maximal	smoke	synthetic-right-maximal-smoke-mixed	right-maximal-child	streaming	100	0.004226	0.004207	0.00423	12800	3028868.906768	8755.324184	37	37	6041a0d4e9825be6	5eb1cbb2b4c47d2b	3	ok
smoke/right-maximal	smoke	synthetic-right-maximal-smoke-mixed	right-maximal-child	streaming	20	0.014755	0.014722	0.014764	12800	867502.541511	11860.38631	175	175	b77381a1eeb9a966	c80f2afec341f4c3	3	ok
smoke/right-maximal	smoke	synthetic-right-maximal-smoke-mixed	right-maximal-child	streaming	50	0.010838	0.010829	0.010853	12800	1181029.710279	16146.89057	175	175	b77381a1eeb9a966	c80f2afec341f4c3	3	ok
smoke/right-maximal	smoke	synthetic-right-maximal-smoke-mixed	right-maximal-child	vector	100	0.004249	0.004227	0.004274	12800	3012473.523182	8707.931278	37	37	6041a0d4e9825be6	5eb1cbb2b4c47d2b	3	ok
smoke/right-maximal	smoke	synthetic-right-maximal-smoke-mixed	right-maximal-child	vector	20	0.014747	0.014732	0.014748	12800	867973.147081	11866.82037	175	175	b77381a1eeb9a966	c80f2afec341f4c3	3	ok
smoke/right-maximal	smoke	synthetic-right-maximal-smoke-mixed	right-maximal-child	vector	50	0.01091	0.010883	0.011032	12800	1173235.563703	16040.329973	175	175	b77381a1eeb9a966	c80f2afec341f4c3	3	ok
smoke/right-maximal	smoke	synthetic-right-maximal-smoke-mixed	right-maximal-full	max_matches=0	100	0.002944	0.002936	0.002953	12800	4347826.086957	12567.934783	37	0	6041a0d4e9825be6	0	3	ok
smoke/right-maximal	smoke	synthetic-right-maximal-smoke-mixed	right-maximal-full	max_matches=0	20	0.003313	0.003311	0.003315	12800	3863567.763356	52822.215515	175	0	b77381a1eeb9a966	0	3	ok
smoke/right-maximal	smoke	synthetic-right-maximal-smoke-mixed	right-maximal-full	max_matches=0	50	0.005248	0.005225	0.005249	12800	2439024.390244	33346.036585	175	0	b77381a1eeb9a966	0	3	ok
smoke/right-maximal	smoke	synthetic-right-maximal-smoke-mixed	right-maximal-full	max_matches=1000	100	0.002948	0.002948	0.002955	12800	4341926.729986	12550.881954	37	37	6041a0d4e9825be6	5eb1cbb2b4c47d2b	3	ok
smoke/right-maximal	smoke	synthetic-right-maximal-smoke-mixed	right-maximal-full	max_matches=1000	20	0.003327	0.00332	0.003331	12800	3847309.888789	52599.939886	175	175	b77381a1eeb9a966	c80f2afec341f4c3	3	ok
smoke/right-maximal	smoke	synthetic-right-maximal-smoke-mixed	right-maximal-full	max_matches=1000	50	0.005283	0.005268	0.005293	12800	2422865.795949	33125.118304	175	175	b77381a1eeb9a966	c80f2afec341f4c3	3	ok
smoke/right-maximal	smoke	synthetic-right-maximal-smoke-mixed	right-maximal-full	streaming	100	0.002937	0.002929	0.002968	12800	4358188.627852	12597.889002	37	37	6041a0d4e9825be6	5eb1cbb2b4c47d2b	3	ok
smoke/right-maximal	smoke	synthetic-right-maximal-smoke-mixed	right-maximal-full	streaming	20	0.003301	0.003297	0.003301	12800	3877612.844593	53014.23811	175	175	b77381a1eeb9a966	c80f2afec341f4c3	3	ok
smoke/right-maximal	smoke	synthetic-right-maximal-smoke-mixed	right-maximal-full	streaming	50	0.00526	0.005248	0.005285	12800	2433460.076046	33269.961977	175	175	b77381a1eeb9a966	c80f2afec341f4c3	3	ok
smoke/right-maximal	smoke	synthetic-right-maximal-smoke-mixed	right-maximal-full	vector	100	0.002956	0.002931	0.002958	12800	4330175.913396	12516.91475	37	37	6041a0d4e9825be6	5eb1cbb2b4c47d2b	3	ok
smoke/right-maximal	smoke	synthetic-right-maximal-smoke-mixed	right-maximal-full	vector	20	0.003373	0.003347	0.003418	12800	3794841.387489	51882.597095	175	175	b77381a1eeb9a966	c80f2afec341f4c3	3	ok
smoke/right-maximal	smoke	synthetic-right-maximal-smoke-mixed	right-maximal-full	vector	50	0.005294	0.005278	0.0053	12800	2417831.507367	33056.29014	175	175	b77381a1eeb9a966	c80f2afec341f4c3	3	ok
smoke/right-maximal	smoke	synthetic-right-maximal-smoke-mixed	right-maximal-lcp	max_matches=0	100	0.002758	0.00236	0.002762	12800	4641044.234953	13415.518492	37	0	6041a0d4e9825be6	0	3	ok
smoke/right-maximal	smoke	synthetic-right-maximal-smoke-mixed	right-maximal-lcp	max_matches=0	20	0.007031	0.007002	0.00779	12800	1820509.17366	24889.773859	175	0	b77381a1eeb9a966	0	3	ok
smoke/right-maximal	smoke	synthetic-right-maximal-smoke-mixed	right-maximal-lcp	max_matches=0	50	0.00635	0.005567	0.00635	12800	2015748.031496	27559.055118	175	0	b77381a1eeb9a966	0	3	ok
smoke/right-maximal	smoke	synthetic-right-maximal-smoke-mixed	right-maximal-lcp	max_matches=1000	100	0.002392	0.002362	0.002394	12800	5351170.568562	15468.227425	37	37	6041a0d4e9825be6	5eb1cbb2b4c47d2b	3	ok
smoke/right-maximal	smoke	synthetic-right-maximal-smoke-mixed	right-maximal-lcp	max_matches=1000	20	0.007855	0.007855	0.00788	12800	1629535.327817	22278.80331	175	175	b77381a1eeb9a966	c80f2afec341f4c3	3	ok
smoke/right-maximal	smoke	synthetic-right-maximal-smoke-mixed	right-maximal-lcp	max_matches=1000	50	0.006309	0.005625	0.006372	12800	2028847.67792	27738.151847	175	175	b77381a1eeb9a966	c80f2afec341f4c3	3	ok
smoke/right-maximal	smoke	synthetic-right-maximal-smoke-mixed	right-maximal-lcp	streaming	100	0.002373	0.002362	0.002384	12800	5394016.013485	15592.077539	37	37	6041a0d4e9825be6	5eb1cbb2b4c47d2b	3	ok
smoke/right-maximal	smoke	synthetic-right-maximal-smoke-mixed	right-maximal-lcp	streaming	20	0.007777	0.00752	0.007824	12800	1645878.873602	22502.250225	175	175	b77381a1eeb9a966	c80f2afec341f4c3	3	ok
smoke/right-maximal	smoke	synthetic-right-maximal-smoke-mixed	right-maximal-lcp	streaming	50	0.005712	0.005638	0.006399	12800	2240896.358543	30637.254902	175	175	b77381a1eeb9a966	c80f2afec341f4c3	3	ok
smoke/right-maximal	smoke	synthetic-right-maximal-smoke-mixed	right-maximal-lcp	vector	100	0.002525	0.002359	0.002779	12800	5069306.930693	14653.465347	37	37	6041a0d4e9825be6	5eb1cbb2b4c47d2b	3	ok
smoke/right-maximal	smoke	synthetic-right-maximal-smoke-mixed	right-maximal-lcp	vector	20	0.00782	0.007805	0.007851	12800	1636828.644501	22378.516624	175	175	b77381a1eeb9a966	c80f2afec341f4c3	3	ok
smoke/right-maximal	smoke	synthetic-right-maximal-smoke-mixed	right-maximal-lcp	vector	50	0.006416	0.005877	0.006469	12800	1995012.468828	27275.561097	175	175	b77381a1eeb9a966	c80f2afec341f4c3	3	ok
smoke/right-maximal	smoke	synthetic-right-maximal-smoke-mixed	right-maximal-sampled-k4	max_matches=0	100	0.001644	0.001636	0.001647	12800	7785888.077859	22506.082725	37	0	6041a0d4e9825be6	0	3	ok
smoke/right-maximal	smoke	synthetic-right-maximal-smoke-mixed	right-maximal-sampled-k4	max_matches=0	20	0.004387	0.004385	0.004411	12800	2917711.420105	39890.585822	175	0	b77381a1eeb9a966	0	3	ok
smoke/right-maximal	smoke	synthetic-right-maximal-smoke-mixed	right-maximal-sampled-k4	max_matches=0	50	0.003563	0.003561	0.003566	12800	3592478.248667	49115.913556	175	0	b77381a1eeb9a966	0	3	ok
smoke/right-maximal	smoke	synthetic-right-maximal-smoke-mixed	right-maximal-sampled-k4	max_matches=1000	100	0.001652	0.001651	0.001667	12800	7748184.01937	22397.094431	37	37	6041a0d4e9825be6	5eb1cbb2b4c47d2b	3	ok
smoke/right-maximal	smoke	synthetic-right-maximal-smoke-mixed	right-maximal-sampled-k4	max_matches=1000	20	0.004414	0.004408	0.004433	12800	2899864.068872	39646.579067	175	175	b77381a1eeb9a966	c80f2afec341f4c3	3	ok
smoke/right-maximal	smoke	synthetic-right-maximal-smoke-mixed	right-maximal-sampled-k4	max_matches=1000	50	0.003587	0.003583	0.003588	12800	3568441.594647	48787.287427	175	175	b77381a1eeb9a966	c80f2afec341f4c3	3	ok
smoke/right-maximal	smoke	synthetic-right-maximal-smoke-mixed	right-maximal-sampled-k4	streaming	100	0.001658	0.001656	0.001661	12800	7720144.752714	22316.043426	37	37	6041a0d4e9825be6	5eb1cbb2b4c47d2b	3	ok
smoke/right-maximal	smoke	synthetic-right-maximal-smoke-mixed	right-maximal-sampled-k4	streaming	20	0.004397	0.004389	0.004789	12800	2911075.733455	39799.863543	175	175	b77381a1eeb9a966	c80f2afec341f4c3	3	ok
smoke/right-maximal	smoke	synthetic-right-maximal-smoke-mixed	right-maximal-sampled-k4	streaming	50	0.003566	0.003561	0.003874	12800	3589455.973079	49074.593382	175	175	b77381a1eeb9a966	c80f2afec341f4c3	3	ok
smoke/right-maximal	smoke	synthetic-right-maximal-smoke-mixed	right-maximal-sampled-k4	vector	100	0.001654	0.00164	0.001662	12800	7738814.993954	22370.012092	37	37	6041a0d4e9825be6	5eb1cbb2b4c47d2b	3	ok
smoke/right-maximal	smoke	synthetic-right-maximal-smoke-mixed	right-maximal-sampled-k4	vector	20	0.00443	0.004425	0.004432	12800	2889390.519187	39503.386005	175	175	b77381a1eeb9a966	c80f2afec341f4c3	3	ok
smoke/right-maximal	smoke	synthetic-right-maximal-smoke-mixed	right-maximal-sampled-k4	vector	50	0.003602	0.003587	0.003682	12800	3553581.343698	48584.119933	175	175	b77381a1eeb9a966	c80f2afec341f4c3	3	ok
smoke/right-maximal	smoke	synthetic-right-maximal-smoke-mixed	right-maximal-sampled-k8	max_matches=0	100	0.001713	0.00171	0.00184	12800	7472270.869819	21599.532983	37	0	6041a0d4e9825be6	0	3	ok
smoke/right-maximal	smoke	synthetic-right-maximal-smoke-mixed	right-maximal-sampled-k8	max_matches=0	20	0.004736	0.004701	0.004747	12800	2702702.702703	36951.013514	175	0	b77381a1eeb9a966	0	3	ok
smoke/right-maximal	smoke	synthetic-right-maximal-smoke-mixed	right-maximal-sampled-k8	max_matches=0	50	0.003596	0.00359	0.003598	12800	3559510.567297	48665.183537	175	0	b77381a1eeb9a966	0	3	ok
smoke/right-maximal	smoke	synthetic-right-maximal-smoke-mixed	right-maximal-sampled-k8	max_matches=1000	100	0.001699	0.001692	0.00171	12800	7533843.437316	21777.516186	37	37	6041a0d4e9825be6	5eb1cbb2b4c47d2b	3	ok
smoke/right-maximal	smoke	synthetic-right-maximal-smoke-mixed	right-maximal-sampled-k8	max_matches=1000	20	0.004712	0.004687	0.004713	12800	2716468.590832	37139.219015	175	175	b77381a1eeb9a966	c80f2afec341f4c3	3	ok
smoke/right-maximal	smoke	synthetic-right-maximal-smoke-mixed	right-maximal-sampled-k8	max_matches=1000	50	0.003624	0.003618	0.003636	12800	3532008.830022	48289.183223	175	175	b77381a1eeb9a966	c80f2afec341f4c3	3	ok
smoke/right-maximal	smoke	synthetic-right-maximal-smoke-mixed	right-maximal-sampled-k8	streaming	100	0.001697	0.001687	0.001706	12800	7542722.451385	21803.182086	37	37	6041a0d4e9825be6	5eb1cbb2b4c47d2b	3	ok
smoke/right-maximal	smoke	synthetic-right-maximal-smoke-mixed	right-maximal-sampled-k8	streaming	20	0.004722	0.004698	0.004775	12800	2710715.798391	37060.567556	175	175	b77381a1eeb9a966	c80f2afec341f4c3	3	ok
smoke/right-maximal	smoke	synthetic-right-maximal-smoke-mixed	right-maximal-sampled-k8	streaming	50	0.003604	0.003593	0.003613	12800	3551609.322974	48557.158713	175	175	b77381a1eeb9a966	c80f2afec341f4c3	3	ok
smoke/right-maximal	smoke	synthetic-right-maximal-smoke-mixed	right-maximal-sampled-k8	vector	100	0.001701	0.001695	0.001707	12800	7524985.302763	21751.910641	37	37	6041a0d4e9825be6	5eb1cbb2b4c47d2b	3	ok
smoke/right-maximal	smoke	synthetic-right-maximal-smoke-mixed	right-maximal-sampled-k8	vector	20	0.00473	0.004704	0.005078	12800	2706131.078224	36997.885835	175	175	b77381a1eeb9a966	c80f2afec341f4c3	3	ok
smoke/right-maximal	smoke	synthetic-right-maximal-smoke-mixed	right-maximal-sampled-k8	vector	50	0.003632	0.003607	0.003634	12800	3524229.07489	48182.819383	175	175	b77381a1eeb9a966	c80f2afec341f4c3	3	ok
smoke/right-maximal	smoke	synthetic-right-maximal-smoke-mixed	right-maximal-suffix-link	max_matches=0	100	0.00161	0.001605	0.00161	12800	7950310.559006	22981.36646	37	0	6041a0d4e9825be6	0	3	ok
smoke/right-maximal	smoke	synthetic-right-maximal-smoke-mixed	right-maximal-suffix-link	max_matches=0	20	0.002201	0.00219	0.002207	12800	5815538.39164	79509.313948	175	0	b77381a1eeb9a966	0	3	ok
smoke/right-maximal	smoke	synthetic-right-maximal-smoke-mixed	right-maximal-suffix-link	max_matches=0	50	0.002806	0.002801	0.00302	12800	4561653.59943	62366.357805	175	0	b77381a1eeb9a966	0	3	ok
smoke/right-maximal	smoke	synthetic-right-maximal-smoke-mixed	right-maximal-suffix-link	max_matches=1000	100	0.001611	0.001601	0.001631	12800	7945375.543141	22967.101179	37	37	6041a0d4e9825be6	5eb1cbb2b4c47d2b	3	ok
smoke/right-maximal	smoke	synthetic-right-maximal-smoke-mixed	right-maximal-suffix-link	max_matches=1000	20	0.002243	0.002218	0.00229	12800	5706642.888988	78020.508248	175	175	b77381a1eeb9a966	c80f2afec341f4c3	3	ok
smoke/right-maximal	smoke	synthetic-right-maximal-smoke-mixed	right-maximal-suffix-link	max_matches=1000	50	0.002949	0.002817	0.0031	12800	4340454.391319	59342.149881	175	175	b77381a1eeb9a966	c80f2afec341f4c3	3	ok
smoke/right-maximal	smoke	synthetic-right-maximal-smoke-mixed	right-maximal-suffix-link	streaming	100	0.001607	0.001606	0.001623	12800	7965152.457996	23024.268824	37	37	6041a0d4e9825be6	5eb1cbb2b4c47d2b	3	ok
smoke/right-maximal	smoke	synthetic-right-maximal-smoke-mixed	right-maximal-suffix-link	streaming	20	0.002221	0.0022	0.002309	12800	5763169.743359	78793.336335	175	175	b77381a1eeb9a966	c80f2afec341f4c3	3	ok
smoke/right-maximal	smoke	synthetic-right-maximal-smoke-mixed	right-maximal-suffix-link	streaming	50	0.002794	0.002789	0.003058	12800	4581245.526127	62634.216178	175	175	b77381a1eeb9a966	c80f2afec341f4c3	3	ok
smoke/right-maximal	smoke	synthetic-right-maximal-smoke-mixed	right-maximal-suffix-link	vector	100	0.001607	0.001604	0.001621	12800	7965152.457996	23024.268824	37	37	6041a0d4e9825be6	5eb1cbb2b4c47d2b	3	ok
smoke/right-maximal	smoke	synthetic-right-maximal-smoke-mixed	right-maximal-suffix-link	vector	20	0.002232	0.002231	0.002321	12800	5734767.02509	78405.017921	175	175	b77381a1eeb9a966	c80f2afec341f4c3	3	ok
smoke/right-maximal	smoke	synthetic-right-maximal-smoke-mixed	right-maximal-suffix-link	vector	50	0.00308	0.002932	0.003093	12800	4155844.155844	56818.181818	175	175	b77381a1eeb9a966	c80f2afec341f4c3	3	ok
smoke/right-maximal	smoke	synthetic-right-maximal-smoke-mixed	right-maximal-suffix-link-binary	max_matches=0	100	0.001611	0.001599	0.001613	12800	7945375.543141	22967.101179	37	0	6041a0d4e9825be6	0	3	ok
smoke/right-maximal	smoke	synthetic-right-maximal-smoke-mixed	right-maximal-suffix-link-binary	max_matches=0	20	0.002191	0.002188	0.002274	12800	5842081.241442	79872.204473	175	0	b77381a1eeb9a966	0	3	ok
smoke/right-maximal	smoke	synthetic-right-maximal-smoke-mixed	right-maximal-suffix-link-binary	max_matches=0	50	0.002805	0.0028	0.002807	12800	4563279.857398	62388.5918	175	0	b77381a1eeb9a966	0	3	ok
smoke/right-maximal	smoke	synthetic-right-maximal-smoke-mixed	right-maximal-suffix-link-binary	max_matches=1000	100	0.001614	0.001607	0.001621	12800	7930607.187113	22924.4114	37	37	6041a0d4e9825be6	5eb1cbb2b4c47d2b	3	ok
smoke/right-maximal	smoke	synthetic-right-maximal-smoke-mixed	right-maximal-suffix-link-binary	max_matches=1000	20	0.002224	0.002222	0.002234	12800	5755395.683453	78687.05036	175	175	b77381a1eeb9a966	c80f2afec341f4c3	3	ok
smoke/right-maximal	smoke	synthetic-right-maximal-smoke-mixed	right-maximal-suffix-link-binary	max_matches=1000	50	0.002817	0.002811	0.00293	12800	4543840.965566	62122.825701	175	175	b77381a1eeb9a966	c80f2afec341f4c3	3	ok
smoke/right-maximal	smoke	synthetic-right-maximal-smoke-mixed	right-maximal-suffix-link-binary	streaming	100	0.001602	0.001593	0.001606	12800	7990012.484395	23096.129838	37	37	6041a0d4e9825be6	5eb1cbb2b4c47d2b	3	ok
smoke/right-maximal	smoke	synthetic-right-maximal-smoke-mixed	right-maximal-suffix-link-binary	streaming	20	0.002286	0.002255	0.002288	12800	5599300.087489	76552.930884	175	175	b77381a1eeb9a966	c80f2afec341f4c3	3	ok
smoke/right-maximal	smoke	synthetic-right-maximal-smoke-mixed	right-maximal-suffix-link-binary	streaming	50	0.002822	0.002818	0.002963	12800	4535790.219702	62012.75691	175	175	b77381a1eeb9a966	c80f2afec341f4c3	3	ok
smoke/right-maximal	smoke	synthetic-right-maximal-smoke-mixed	right-maximal-suffix-link-binary	vector	100	0.001615	0.001614	0.001627	12800	7925696.594427	22910.216718	37	37	6041a0d4e9825be6	5eb1cbb2b4c47d2b	3	ok
smoke/right-maximal	smoke	synthetic-right-maximal-smoke-mixed	right-maximal-suffix-link-binary	vector	20	0.002291	0.00222	0.002317	12800	5587079.877783	76385.857704	175	175	b77381a1eeb9a966	c80f2afec341f4c3	3	ok
smoke/right-maximal	smoke	synthetic-right-maximal-smoke-mixed	right-maximal-suffix-link-binary	vector	50	0.002849	0.002822	0.002932	12800	4492804.492804	61425.061425	175	175	b77381a1eeb9a966	c80f2afec341f4c3	3	ok
smoke/right-maximal	smoke	synthetic-right-maximal-smoke-mixed	right-maximal-suffix-link-sapling	max_matches=0	100	0.001633	0.001624	0.001644	12800	7838334.35395	22657.685242	37	0	6041a0d4e9825be6	0	3	ok
smoke/right-maximal	smoke	synthetic-right-maximal-smoke-mixed	right-maximal-suffix-link-sapling	max_matches=0	20	0.002129	0.002082	0.002138	12800	6012212.306247	82198.215124	175	0	b77381a1eeb9a966	0	3	ok
smoke/right-maximal	smoke	synthetic-right-maximal-smoke-mixed	right-maximal-suffix-link-sapling	max_matches=0	50	0.002767	0.002749	0.002888	12800	4625948.680882	63245.392121	175	0	b77381a1eeb9a966	0	3	ok
smoke/right-maximal	smoke	synthetic-right-maximal-smoke-mixed	right-maximal-suffix-link-sapling	max_matches=1000	100	0.001643	0.001635	0.001644	12800	7790626.902009	22519.780889	37	37	6041a0d4e9825be6	5eb1cbb2b4c47d2b	3	ok
smoke/right-maximal	smoke	synthetic-right-maximal-smoke-mixed	right-maximal-suffix-link-sapling	max_matches=1000	20	0.002164	0.002157	0.002175	12800	5914972.273567	80868.761553	175	175	b77381a1eeb9a966	c80f2afec341f4c3	3	ok
smoke/right-maximal	smoke	synthetic-right-maximal-smoke-mixed	right-maximal-suffix-link-sapling	max_matches=1000	50	0.002792	0.002787	0.00287	12800	4584527.22063	62679.083095	175	175	b77381a1eeb9a966	c80f2afec341f4c3	3	ok
smoke/right-maximal	smoke	synthetic-right-maximal-smoke-mixed	right-maximal-suffix-link-sapling	streaming	100	0.001645	0.001632	0.001651	12800	7781155.015198	22492.401216	37	37	6041a0d4e9825be6	5eb1cbb2b4c47d2b	3	ok
smoke/right-maximal	smoke	synthetic-right-maximal-smoke-mixed	right-maximal-suffix-link-sapling	streaming	20	0.00213	0.002111	0.002143	12800	6009389.671362	82159.624413	175	175	b77381a1eeb9a966	c80f2afec341f4c3	3	ok
smoke/right-maximal	smoke	synthetic-right-maximal-smoke-mixed	right-maximal-suffix-link-sapling	streaming	50	0.002903	0.002761	0.002906	12800	4409231.829142	60282.466414	175	175	b77381a1eeb9a966	c80f2afec341f4c3	3	ok
smoke/right-maximal	smoke	synthetic-right-maximal-smoke-mixed	right-maximal-suffix-link-sapling	vector	100	0.001643	0.001636	0.001645	12800	7790626.902009	22519.780889	37	37	6041a0d4e9825be6	5eb1cbb2b4c47d2b	3	ok
smoke/right-maximal	smoke	synthetic-right-maximal-smoke-mixed	right-maximal-suffix-link-sapling	vector	20	0.00216	0.002156	0.00216	12800	5925925.925926	81018.518519	175	175	b77381a1eeb9a966	c80f2afec341f4c3	3	ok
smoke/right-maximal	smoke	synthetic-right-maximal-smoke-mixed	right-maximal-suffix-link-sapling	vector	50	0.002867	0.002786	0.00292	12800	4464597.139867	61039.414022	175	175	b77381a1eeb9a966	c80f2afec341f4c3	3	ok
standard/right-maximal	standard	synthetic-right-maximal-standard-mixed	fm-balanced	max_matches=0	100	NA	NA	NA	NA	NA	NA	NA	NA	NA	NA	NA	not_supported
standard/right-maximal	standard	synthetic-right-maximal-standard-mixed	fm-balanced	max_matches=0	50	NA	NA	NA	NA	NA	NA	NA	NA	NA	NA	NA	not_supported
standard/right-maximal	standard	synthetic-right-maximal-standard-mixed	fm-balanced	max_matches=1000	100	NA	NA	NA	NA	NA	NA	NA	NA	NA	NA	NA	not_supported
standard/right-maximal	standard	synthetic-right-maximal-standard-mixed	fm-balanced	max_matches=1000	50	NA	NA	NA	NA	NA	NA	NA	NA	NA	NA	NA	not_supported
standard/right-maximal	standard	synthetic-right-maximal-standard-mixed	fm-balanced	streaming	100	NA	NA	NA	NA	NA	NA	NA	NA	NA	NA	NA	not_supported
standard/right-maximal	standard	synthetic-right-maximal-standard-mixed	fm-balanced	streaming	50	NA	NA	NA	NA	NA	NA	NA	NA	NA	NA	NA	not_supported
standard/right-maximal	standard	synthetic-right-maximal-standard-mixed	fm-balanced	vector	100	NA	NA	NA	NA	NA	NA	NA	NA	NA	NA	NA	not_supported
standard/right-maximal	standard	synthetic-right-maximal-standard-mixed	fm-balanced	vector	50	NA	NA	NA	NA	NA	NA	NA	NA	NA	NA	NA	not_supported
standard/right-maximal	standard	synthetic-right-maximal-standard-mixed	fm-epr	max_matches=0	100	NA	NA	NA	NA	NA	NA	NA	NA	NA	NA	NA	not_supported
standard/right-maximal	standard	synthetic-right-maximal-standard-mixed	fm-epr	max_matches=0	50	NA	NA	NA	NA	NA	NA	NA	NA	NA	NA	NA	not_supported
standard/right-maximal	standard	synthetic-right-maximal-standard-mixed	fm-epr	max_matches=1000	100	NA	NA	NA	NA	NA	NA	NA	NA	NA	NA	NA	not_supported
standard/right-maximal	standard	synthetic-right-maximal-standard-mixed	fm-epr	max_matches=1000	50	NA	NA	NA	NA	NA	NA	NA	NA	NA	NA	NA	not_supported
standard/right-maximal	standard	synthetic-right-maximal-standard-mixed	fm-epr	streaming	100	NA	NA	NA	NA	NA	NA	NA	NA	NA	NA	NA	not_supported
standard/right-maximal	standard	synthetic-right-maximal-standard-mixed	fm-epr	streaming	50	NA	NA	NA	NA	NA	NA	NA	NA	NA	NA	NA	not_supported
standard/right-maximal	standard	synthetic-right-maximal-standard-mixed	fm-epr	vector	100	NA	NA	NA	NA	NA	NA	NA	NA	NA	NA	NA	not_supported
standard/right-maximal	standard	synthetic-right-maximal-standard-mixed	fm-epr	vector	50	NA	NA	NA	NA	NA	NA	NA	NA	NA	NA	NA	not_supported
standard/right-maximal	standard	synthetic-right-maximal-standard-mixed	fm-huff	max_matches=0	100	NA	NA	NA	NA	NA	NA	NA	NA	NA	NA	NA	not_supported
standard/right-maximal	standard	synthetic-right-maximal-standard-mixed	fm-huff	max_matches=0	50	NA	NA	NA	NA	NA	NA	NA	NA	NA	NA	NA	not_supported
standard/right-maximal	standard	synthetic-right-maximal-standard-mixed	fm-huff	max_matches=1000	100	NA	NA	NA	NA	NA	NA	NA	NA	NA	NA	NA	not_supported
standard/right-maximal	standard	synthetic-right-maximal-standard-mixed	fm-huff	max_matches=1000	50	NA	NA	NA	NA	NA	NA	NA	NA	NA	NA	NA	not_supported
standard/right-maximal	standard	synthetic-right-maximal-standard-mixed	fm-huff	streaming	100	NA	NA	NA	NA	NA	NA	NA	NA	NA	NA	NA	not_supported
standard/right-maximal	standard	synthetic-right-maximal-standard-mixed	fm-huff	streaming	50	NA	NA	NA	NA	NA	NA	NA	NA	NA	NA	NA	not_supported
standard/right-maximal	standard	synthetic-right-maximal-standard-mixed	fm-huff	vector	100	NA	NA	NA	NA	NA	NA	NA	NA	NA	NA	NA	not_supported
standard/right-maximal	standard	synthetic-right-maximal-standard-mixed	fm-huff	vector	50	NA	NA	NA	NA	NA	NA	NA	NA	NA	NA	NA	not_supported
standard/right-maximal	standard	synthetic-right-maximal-standard-mixed	right-maximal-baseline	max_matches=0	100	2.58981	2.575057	2.647258	1280000	494244.751545	3292.905657	8528	0	e4c553a45823e5d1	0	3	ok
standard/right-maximal	standard	synthetic-right-maximal-standard-mixed	right-maximal-baseline	max_matches=0	50	3.401892	3.375579	3.451604	1280000	376261.209938	2506.840311	8528	0	e4c553a45823e5d1	0	3	ok
standard/right-maximal	standard	synthetic-right-maximal-standard-mixed	right-maximal-baseline	max_matches=1000	100	2.621585	2.608982	2.643825	1280000	488254.243139	3252.993895	8528	8528	e4c553a45823e5d1	75db3c63897a40ba	3	ok
standard/right-maximal	standard	synthetic-right-maximal-standard-mixed	right-maximal-baseline	max_matches=1000	50	3.310739	3.263816	3.406783	1280000	386620.630621	2575.859952	8528	8528	e4c553a45823e5d1	75db3c63897a40ba	3	ok
standard/right-maximal	standard	synthetic-right-maximal-standard-mixed	right-maximal-baseline	streaming	100	2.506196	2.497504	2.510576	1280000	510734.196368	3402.766583	8528	8528	e4c553a45823e5d1	75db3c63897a40ba	3	ok
standard/right-maximal	standard	synthetic-right-maximal-standard-mixed	right-maximal-baseline	streaming	50	3.467602	3.310232	3.513283	1280000	369131.1748	2459.336452	8528	8528	e4c553a45823e5d1	75db3c63897a40ba	3	ok
standard/right-maximal	standard	synthetic-right-maximal-standard-mixed	right-maximal-baseline	vector	100	2.529082	2.50573	2.535782	1280000	506112.494573	3371.974495	8528	8528	e4c553a45823e5d1	75db3c63897a40ba	3	ok
standard/right-maximal	standard	synthetic-right-maximal-standard-mixed	right-maximal-baseline	vector	50	3.28893	3.286604	3.316628	1280000	389184.324385	2592.940561	8528	8528	e4c553a45823e5d1	75db3c63897a40ba	3	ok
standard/right-maximal	standard	synthetic-right-maximal-standard-mixed	right-maximal-full	max_matches=0	100	5.224594	3.905532	5.62345	1280000	244995.113496	1632.279944	8528	0	e4c553a45823e5d1	0	3	ok
standard/right-maximal	standard	synthetic-right-maximal-standard-mixed	right-maximal-full	max_matches=0	50	2.09187	2.058309	2.559177	1280000	611892.708438	4076.73517	8528	0	e4c553a45823e5d1	0	3	ok
standard/right-maximal	standard	synthetic-right-maximal-standard-mixed	right-maximal-full	max_matches=1000	100	4.262459	3.896615	7.399788	1280000	300296.143611	2000.723057	8528	8528	e4c553a45823e5d1	75db3c63897a40ba	3	ok
standard/right-maximal	standard	synthetic-right-maximal-standard-mixed	right-maximal-full	max_matches=1000	50	2.142617	2.054495	6.082616	1280000	597400.281992	3980.179379	8528	8528	e4c553a45823e5d1	75db3c63897a40ba	3	ok
standard/right-maximal	standard	synthetic-right-maximal-standard-mixed	right-maximal-full	streaming	100	4.512394	3.79473	9.058782	1280000	283663.17303	1889.90589	8528	8528	e4c553a45823e5d1	75db3c63897a40ba	3	ok
standard/right-maximal	standard	synthetic-right-maximal-standard-mixed	right-maximal-full	streaming	50	2.744983	2.041804	5.187838	1280000	466305.255807	3106.758767	8528	8528	e4c553a45823e5d1	75db3c63897a40ba	3	ok
standard/right-maximal	standard	synthetic-right-maximal-standard-mixed	right-maximal-full	vector	100	4.842997	3.67858	5.441482	1280000	264299.151951	1760.8931	8528	8528	e4c553a45823e5d1	75db3c63897a40ba	3	ok
standard/right-maximal	standard	synthetic-right-maximal-standard-mixed	right-maximal-full	vector	50	2.042005	2.009579	6.520649	1280000	626834.900012	4176.287521	8528	8528	e4c553a45823e5d1	75db3c63897a40ba	3	ok
standard/right-maximal	standard	synthetic-right-maximal-standard-mixed	right-maximal-suffix-link	max_matches=0	100	1.283108	1.166147	1.366243	1280000	997577.75651	6646.361803	8528	0	e4c553a45823e5d1	0	3	ok
standard/right-maximal	standard	synthetic-right-maximal-standard-mixed	right-maximal-suffix-link	max_matches=0	50	0.744057	0.733203	0.748465	1280000	1720298.310479	11461.487494	8528	0	e4c553a45823e5d1	0	3	ok
standard/right-maximal	standard	synthetic-right-maximal-standard-mixed	right-maximal-suffix-link	max_matches=1000	100	1.172256	1.163323	1.177387	1280000	1091911.664346	7274.861464	8528	8528	e4c553a45823e5d1	75db3c63897a40ba	3	ok
standard/right-maximal	standard	synthetic-right-maximal-standard-mixed	right-maximal-suffix-link	max_matches=1000	50	0.739465	0.738819	0.741587	1280000	1730981.182341	11532.662127	8528	8528	e4c553a45823e5d1	75db3c63897a40ba	3	ok
standard/right-maximal	standard	synthetic-right-maximal-standard-mixed	right-maximal-suffix-link	streaming	100	1.400864	1.19265	1.428426	1280000	913721.817393	6087.671608	8528	8528	e4c553a45823e5d1	75db3c63897a40ba	3	ok
standard/right-maximal	standard	synthetic-right-maximal-standard-mixed	right-maximal-suffix-link	streaming	50	0.738626	0.737481	0.743367	1280000	1732947.391508	11545.761996	8528	8528	e4c553a45823e5d1	75db3c63897a40ba	3	ok
standard/right-maximal	standard	synthetic-right-maximal-standard-mixed	right-maximal-suffix-link	vector	100	1.361353	1.321974	1.465075	1280000	940241.068995	6264.356122	8528	8528	e4c553a45823e5d1	75db3c63897a40ba	3	ok
standard/right-maximal	standard	synthetic-right-maximal-standard-mixed	right-maximal-suffix-link	vector	50	0.740579	0.733639	0.751229	1280000	1728377.391203	11515.314369	8528	8528	e4c553a45823e5d1	75db3c63897a40ba	3	ok
